,matchID,date,matchday,season.id,matchDay,winner,duration,homeTeamFt,awayTeamFt,homeTeamHt,awayTeamHt,homeTeamID,homeTeam,awayTeamID,awayTeam
0,235686,2018-08-24 18:30:00,1.0,155,34,HOME_TEAM,REGULAR,3,1,1,0,5,FC Bayern München,2,TSG 1899 Hoffenheim
1,235688,2018-08-25 13:30:00,1.0,155,34,DRAW,REGULAR,1,1,0,0,12,SV Werder Bremen,8,Hannover 96
2,235689,2018-08-25 13:30:00,1.0,155,34,HOME_TEAM,REGULAR,1,0,1,0,9,Hertha BSC,14,1. FC Nürnberg
3,235691,2018-08-25 13:30:00,1.0,155,34,AWAY_TEAM,REGULAR,1,2,1,0,24,TSV Fortuna 95 Düsseldorf,16,FC Augsburg
4,235692,2018-08-25 13:30:00,1.0,155,34,AWAY_TEAM,REGULAR,0,2,0,1,17,SC Freiburg,19,Eintracht Frankfurt
5,235693,2018-08-25 13:30:00,1.0,155,34,HOME_TEAM,REGULAR,2,1,1,0,11,VfL Wolfsburg,6,FC Schalke 04
6,235690,2018-08-25 16:30:00,1.0,155,34,HOME_TEAM,REGULAR,2,0,0,0,18,Borussia Mönchengladbach,3,Bayer 04 Leverkusen
7,235694,2018-08-26 13:30:00,1.0,155,34,HOME_TEAM,REGULAR,1,0,0,0,15,1. FSV Mainz 05,10,VfB Stuttgart
8,235687,2018-08-26 16:00:00,1.0,155,34,HOME_TEAM,REGULAR,4,1,3,1,4,BV Borussia 09 Dortmund,721,RB Leipzig
9,235699,2018-08-31 18:30:00,2.0,155,34,DRAW,REGULAR,0,0,0,0,8,Hannover 96,4,BV Borussia 09 Dortmund
10,235695,2018-09-01 13:30:00,2.0,155,34,AWAY_TEAM,REGULAR,1,2,0,1,19,Eintracht Frankfurt,12,SV Werder Bremen
11,235698,2018-09-01 13:30:00,2.0,155,34,DRAW,REGULAR,1,1,0,1,14,1. FC Nürnberg,15,1. FSV Mainz 05
12,235700,2018-09-01 13:30:00,2.0,155,34,AWAY_TEAM,REGULAR,1,3,1,1,3,Bayer 04 Leverkusen,11,VfL Wolfsburg
13,235701,2018-09-01 13:30:00,2.0,155,34,HOME_TEAM,REGULAR,3,1,0,1,2,TSG 1899 Hoffenheim,17,SC Freiburg
14,235702,2018-09-01 13:30:00,2.0,155,34,DRAW,REGULAR,1,1,1,0,16,FC Augsburg,18,Borussia Mönchengladbach
15,235696,2018-09-01 16:30:00,2.0,155,34,AWAY_TEAM,REGULAR,0,3,0,1,10,VfB Stuttgart,5,FC Bayern München
16,235703,2018-09-02 13:30:00,2.0,155,34,DRAW,REGULAR,1,1,0,0,721,RB Leipzig,24,TSV Fortuna 95 Düsseldorf
17,235697,2018-09-02 16:00:00,2.0,155,34,AWAY_TEAM,REGULAR,0,2,0,1,6,FC Schalke 04,9,Hertha BSC
18,235704,2018-09-14 18:30:00,3.0,155,34,HOME_TEAM,REGULAR,3,1,1,0,4,BV Borussia 09 Dortmund,19,Eintracht Frankfurt
19,235707,2018-09-15 13:30:00,3.0,155,34,HOME_TEAM,REGULAR,3,1,2,1,5,FC Bayern München,3,Bayer 04 Leverkusen
20,235708,2018-09-15 13:30:00,3.0,155,34,HOME_TEAM,REGULAR,2,1,1,0,24,TSV Fortuna 95 Düsseldorf,2,TSG 1899 Hoffenheim
21,235710,2018-09-15 13:30:00,3.0,155,34,DRAW,REGULAR,2,2,0,0,11,VfL Wolfsburg,9,Hertha BSC
22,235711,2018-09-15 13:30:00,3.0,155,34,HOME_TEAM,REGULAR,2,1,0,0,15,1. FSV Mainz 05,16,FC Augsburg
23,235712,2018-09-15 13:30:00,3.0,155,34,HOME_TEAM,REGULAR,3,2,2,1,721,RB Leipzig,8,Hannover 96
24,235706,2018-09-15 16:30:00,3.0,155,34,HOME_TEAM,REGULAR,2,1,1,0,18,Borussia Mönchengladbach,6,FC Schalke 04
25,235705,2018-09-16 13:30:00,3.0,155,34,DRAW,REGULAR,1,1,1,0,12,SV Werder Bremen,14,1. FC Nürnberg
26,235709,2018-09-16 16:00:00,3.0,155,34,DRAW,REGULAR,3,3,1,1,17,SC Freiburg,10,VfB Stuttgart
27,235714,2018-09-21 18:30:00,4.0,155,34,DRAW,REGULAR,0,0,0,0,10,VfB Stuttgart,24,TSV Fortuna 95 Düsseldorf
28,235716,2018-09-22 13:30:00,4.0,155,34,HOME_TEAM,REGULAR,2,0,0,0,14,1. FC Nürnberg,8,Hannover 96
29,235717,2018-09-22 13:30:00,4.0,155,34,HOME_TEAM,REGULAR,4,2,2,1,9,Hertha BSC,18,Borussia Mönchengladbach
30,235719,2018-09-22 13:30:00,4.0,155,34,AWAY_TEAM,REGULAR,1,3,0,2,11,VfL Wolfsburg,17,SC Freiburg
31,235720,2018-09-22 13:30:00,4.0,155,34,DRAW,REGULAR,1,1,1,0,2,TSG 1899 Hoffenheim,4,BV Borussia 09 Dortmund
32,235721,2018-09-22 13:30:00,4.0,155,34,AWAY_TEAM,REGULAR,2,3,1,2,16,FC Augsburg,12,SV Werder Bremen
33,235715,2018-09-22 16:30:00,4.0,155,34,AWAY_TEAM,REGULAR,0,2,0,1,6,FC Schalke 04,5,FC Bayern München
34,235718,2018-09-23 13:30:00,4.0,155,34,HOME_TEAM,REGULAR,1,0,0,0,3,Bayer 04 Leverkusen,15,1. FSV Mainz 05
35,235713,2018-09-23 16:00:00,4.0,155,34,DRAW,REGULAR,1,1,1,0,19,Eintracht Frankfurt,721,RB Leipzig
36,235723,2018-09-25 16:30:00,5.0,155,34,HOME_TEAM,REGULAR,3,1,2,0,12,SV Werder Bremen,9,Hertha BSC
37,235724,2018-09-25 18:30:00,5.0,155,34,AWAY_TEAM,REGULAR,1,3,0,1,8,Hannover 96,2,TSG 1899 Hoffenheim
38,235726,2018-09-25 18:30:00,5.0,155,34,DRAW,REGULAR,1,1,0,0,5,FC Bayern München,16,FC Augsburg
39,235728,2018-09-25 18:30:00,5.0,155,34,HOME_TEAM,REGULAR,1,0,0,0,17,SC Freiburg,6,FC Schalke 04
40,235727,2018-09-26 16:30:00,5.0,155,34,AWAY_TEAM,REGULAR,1,2,0,0,24,TSV Fortuna 95 Düsseldorf,3,Bayer 04 Leverkusen
41,235722,2018-09-26 18:30:00,5.0,155,34,HOME_TEAM,REGULAR,7,0,2,0,4,BV Borussia 09 Dortmund,14,1. FC Nürnberg
42,235725,2018-09-26 18:30:00,5.0,155,34,HOME_TEAM,REGULAR,3,1,0,0,18,Borussia Mönchengladbach,19,Eintracht Frankfurt
43,235729,2018-09-26 18:30:00,5.0,155,34,DRAW,REGULAR,0,0,0,0,15,1. FSV Mainz 05,11,VfL Wolfsburg
44,235730,2018-09-26 18:30:00,5.0,155,34,HOME_TEAM,REGULAR,2,0,1,0,721,RB Leipzig,10,VfB Stuttgart
45,235735,2018-09-28 18:30:00,6.0,155,34,HOME_TEAM,REGULAR,2,0,2,0,9,Hertha BSC,5,FC Bayern München
46,235732,2018-09-29 13:30:00,6.0,155,34,HOME_TEAM,REGULAR,2,1,1,0,10,VfB Stuttgart,12,SV Werder Bremen
47,235733,2018-09-29 13:30:00,6.0,155,34,HOME_TEAM,REGULAR,1,0,1,0,6,FC Schalke 04,15,1. FSV Mainz 05
48,235734,2018-09-29 13:30:00,6.0,155,34,HOME_TEAM,REGULAR,3,0,1,0,14,1. FC Nürnberg,24,TSV Fortuna 95 Düsseldorf
49,235737,2018-09-29 13:30:00,6.0,155,34,DRAW,REGULAR,2,2,1,1,11,VfL Wolfsburg,18,Borussia Mönchengladbach
50,235738,2018-09-29 13:30:00,6.0,155,34,AWAY_TEAM,REGULAR,1,2,0,0,2,TSG 1899 Hoffenheim,721,RB Leipzig
51,235736,2018-09-29 16:30:00,6.0,155,34,AWAY_TEAM,REGULAR,2,4,2,0,3,Bayer 04 Leverkusen,4,BV Borussia 09 Dortmund
52,235731,2018-09-30 13:30:00,6.0,155,34,HOME_TEAM,REGULAR,4,1,2,0,19,Eintracht Frankfurt,8,Hannover 96
53,235739,2018-09-30 16:00:00,6.0,155,34,HOME_TEAM,REGULAR,4,1,2,0,16,FC Augsburg,17,SC Freiburg
54,235741,2018-10-05 18:30:00,7.0,155,34,HOME_TEAM,REGULAR,2,0,1,0,12,SV Werder Bremen,11,VfL Wolfsburg
55,235740,2018-10-06 13:30:00,7.0,155,34,HOME_TEAM,REGULAR,4,3,0,1,4,BV Borussia 09 Dortmund,16,FC Augsburg
56,235742,2018-10-06 13:30:00,7.0,155,34,HOME_TEAM,REGULAR,3,1,2,0,8,Hannover 96,10,VfB Stuttgart
57,235744,2018-10-06 13:30:00,7.0,155,34,AWAY_TEAM,REGULAR,0,2,0,0,24,TSV Fortuna 95 Düsseldorf,6,FC Schalke 04
58,235746,2018-10-06 13:30:00,7.0,155,34,DRAW,REGULAR,0,0,0,0,15,1. FSV Mainz 05,9,Hertha BSC
59,235743,2018-10-06 16:30:00,7.0,155,34,AWAY_TEAM,REGULAR,0,3,0,2,5,FC Bayern München,18,Borussia Mönchengladbach
60,235745,2018-10-07 11:30:00,7.0,155,34,DRAW,REGULAR,0,0,0,0,17,SC Freiburg,3,Bayer 04 Leverkusen
61,235747,2018-10-07 13:30:00,7.0,155,34,AWAY_TEAM,REGULAR,1,2,0,1,2,TSG 1899 Hoffenheim,19,Eintracht Frankfurt
62,235748,2018-10-07 16:00:00,7.0,155,34,HOME_TEAM,REGULAR,6,0,4,0,721,RB Leipzig,14,1. FC Nürnberg
63,235749,2018-10-19 18:30:00,8.0,155,34,HOME_TEAM,REGULAR,7,1,3,0,19,Eintracht Frankfurt,24,TSV Fortuna 95 Düsseldorf
64,235750,2018-10-20 13:30:00,8.0,155,34,AWAY_TEAM,REGULAR,0,4,0,3,10,VfB Stuttgart,4,BV Borussia 09 Dortmund
65,235752,2018-10-20 13:30:00,8.0,155,34,AWAY_TEAM,REGULAR,1,3,1,0,14,1. FC Nürnberg,2,TSG 1899 Hoffenheim
66,235755,2018-10-20 13:30:00,8.0,155,34,DRAW,REGULAR,2,2,1,1,3,Bayer 04 Leverkusen,8,Hannover 96
67,235756,2018-10-20 13:30:00,8.0,155,34,AWAY_TEAM,REGULAR,1,3,0,1,11,VfL Wolfsburg,5,FC Bayern München
68,235757,2018-10-20 13:30:00,8.0,155,34,DRAW,REGULAR,0,0,0,0,16,FC Augsburg,721,RB Leipzig
69,235751,2018-10-20 16:30:00,8.0,155,34,AWAY_TEAM,REGULAR,0,2,0,1,6,FC Schalke 04,12,SV Werder Bremen
70,235753,2018-10-21 13:30:00,8.0,155,34,DRAW,REGULAR,1,1,1,1,9,Hertha BSC,17,SC Freiburg
71,235754,2018-10-21 16:00:00,8.0,155,34,HOME_TEAM,REGULAR,4,0,1,0,18,Borussia Mönchengladbach,15,1. FSV Mainz 05
72,235763,2018-10-26 18:30:00,9.0,155,34,HOME_TEAM,REGULAR,3,1,1,1,17,SC Freiburg,18,Borussia Mönchengladbach
73,235758,2018-10-27 13:30:00,9.0,155,34,DRAW,REGULAR,2,2,1,1,4,BV Borussia 09 Dortmund,9,Hertha BSC
74,235761,2018-10-27 13:30:00,9.0,155,34,AWAY_TEAM,REGULAR,1,2,0,1,8,Hannover 96,16,FC Augsburg
75,235762,2018-10-27 13:30:00,9.0,155,34,AWAY_TEAM,REGULAR,0,3,0,1,24,TSV Fortuna 95 Düsseldorf,11,VfL Wolfsburg
76,235764,2018-10-27 13:30:00,9.0,155,34,AWAY_TEAM,REGULAR,1,2,0,1,15,1. FSV Mainz 05,5,FC Bayern München
77,235765,2018-10-27 16:30:00,9.0,155,34,HOME_TEAM,REGULAR,4,0,0,0,2,TSG 1899 Hoffenheim,10,VfB Stuttgart
78,235759,2018-10-28 12:30:00,9.0,155,34,DRAW,REGULAR,1,1,0,0,14,1. FC Nürnberg,19,Eintracht Frankfurt
79,235766,2018-10-28 14:30:00,9.0,155,34,DRAW,REGULAR,0,0,0,0,721,RB Leipzig,6,FC Schalke 04
80,235760,2018-10-28 17:00:00,9.0,155,34,AWAY_TEAM,REGULAR,2,6,0,3,12,SV Werder Bremen,3,Bayer 04 Leverkusen
81,235767,2018-11-02 19:30:00,10.0,155,34,AWAY_TEAM,REGULAR,0,3,0,2,10,VfB Stuttgart,19,Eintracht Frankfurt
82,235768,2018-11-03 14:30:00,10.0,155,34,HOME_TEAM,REGULAR,3,1,0,0,6,FC Schalke 04,8,Hannover 96
83,235771,2018-11-03 14:30:00,10.0,155,34,DRAW,REGULAR,1,1,0,0,5,FC Bayern München,17,SC Freiburg
84,235772,2018-11-03 14:30:00,10.0,155,34,AWAY_TEAM,REGULAR,1,4,1,2,3,Bayer 04 Leverkusen,2,TSG 1899 Hoffenheim
85,235773,2018-11-03 14:30:00,10.0,155,34,AWAY_TEAM,REGULAR,0,1,0,1,11,VfL Wolfsburg,4,BV Borussia 09 Dortmund
86,235775,2018-11-03 14:30:00,10.0,155,34,DRAW,REGULAR,2,2,1,0,16,FC Augsburg,14,1. FC Nürnberg
87,235769,2018-11-03 17:30:00,10.0,155,34,AWAY_TEAM,REGULAR,0,3,0,1,9,Hertha BSC,721,RB Leipzig
88,235770,2018-11-04 14:30:00,10.0,155,34,HOME_TEAM,REGULAR,3,0,0,0,18,Borussia Mönchengladbach,24,TSV Fortuna 95 Düsseldorf
89,235774,2018-11-04 17:00:00,10.0,155,34,HOME_TEAM,REGULAR,2,1,1,0,15,1. FSV Mainz 05,12,SV Werder Bremen
90,235780,2018-11-09 19:30:00,11.0,155,34,HOME_TEAM,REGULAR,2,1,1,0,8,Hannover 96,11,VfL Wolfsburg
91,235778,2018-11-10 14:30:00,11.0,155,34,AWAY_TEAM,REGULAR,0,2,0,0,14,1. FC Nürnberg,10,VfB Stuttgart
92,235779,2018-11-10 14:30:00,11.0,155,34,AWAY_TEAM,REGULAR,1,3,0,1,12,SV Werder Bremen,18,Borussia Mönchengladbach
93,235781,2018-11-10 14:30:00,11.0,155,34,HOME_TEAM,REGULAR,4,1,0,0,24,TSV Fortuna 95 Düsseldorf,9,Hertha BSC
94,235782,2018-11-10 14:30:00,11.0,155,34,AWAY_TEAM,REGULAR,1,3,0,2,17,SC Freiburg,15,1. FSV Mainz 05
95,235783,2018-11-10 14:30:00,11.0,155,34,HOME_TEAM,REGULAR,2,1,0,0,2,TSG 1899 Hoffenheim,16,FC Augsburg
96,235777,2018-11-10 17:30:00,11.0,155,34,HOME_TEAM,REGULAR,3,2,0,1,4,BV Borussia 09 Dortmund,5,FC Bayern München
97,235784,2018-11-11 14:30:00,11.0,155,34,HOME_TEAM,REGULAR,3,0,1,0,721,RB Leipzig,3,Bayer 04 Leverkusen
98,235776,2018-11-11 17:00:00,11.0,155,34,HOME_TEAM,REGULAR,3,0,0,0,19,Eintracht Frankfurt,6,FC Schalke 04
99,235789,2018-11-23 19:30:00,12.0,155,34,HOME_TEAM,REGULAR,2,0,0,0,3,Bayer 04 Leverkusen,10,VfB Stuttgart
100,235786,2018-11-24 14:30:00,12.0,155,34,DRAW,REGULAR,3,3,1,2,9,Hertha BSC,2,TSG 1899 Hoffenheim
101,235788,2018-11-24 14:30:00,12.0,155,34,DRAW,REGULAR,3,3,2,1,5,FC Bayern München,24,TSV Fortuna 95 Düsseldorf
102,235791,2018-11-24 14:30:00,12.0,155,34,HOME_TEAM,REGULAR,1,0,0,0,11,VfL Wolfsburg,721,RB Leipzig
103,235792,2018-11-24 14:30:00,12.0,155,34,AWAY_TEAM,REGULAR,1,2,0,0,15,1. FSV Mainz 05,4,BV Borussia 09 Dortmund
104,235793,2018-11-24 14:30:00,12.0,155,34,AWAY_TEAM,REGULAR,1,3,0,1,16,FC Augsburg,19,Eintracht Frankfurt
105,235785,2018-11-24 17:30:00,12.0,155,34,HOME_TEAM,REGULAR,5,2,2,1,6,FC Schalke 04,14,1. FC Nürnberg
106,235790,2018-11-25 14:30:00,12.0,155,34,DRAW,REGULAR,1,1,1,0,17,SC Freiburg,12,SV Werder Bremen
107,235787,2018-11-25 17:00:00,12.0,155,34,HOME_TEAM,REGULAR,4,1,2,1,18,Borussia Mönchengladbach,8,Hannover 96
108,235800,2018-11-30 19:30:00,13.0,155,34,AWAY_TEAM,REGULAR,0,1,0,0,24,TSV Fortuna 95 Düsseldorf,15,1. FSV Mainz 05
109,235795,2018-12-01 14:30:00,13.0,155,34,HOME_TEAM,REGULAR,2,0,1,0,4,BV Borussia 09 Dortmund,17,SC Freiburg
110,235796,2018-12-01 14:30:00,13.0,155,34,HOME_TEAM,REGULAR,1,0,1,0,10,VfB Stuttgart,16,FC Augsburg
111,235798,2018-12-01 14:30:00,13.0,155,34,AWAY_TEAM,REGULAR,1,2,1,1,12,SV Werder Bremen,5,FC Bayern München
112,235799,2018-12-01 14:30:00,13.0,155,34,AWAY_TEAM,REGULAR,0,2,0,1,8,Hannover 96,9,Hertha BSC
113,235801,2018-12-01 17:30:00,13.0,155,34,DRAW,REGULAR,1,1,0,0,2,TSG 1899 Hoffenheim,6,FC Schalke 04
114,235802,2018-12-02 14:30:00,13.0,155,34,HOME_TEAM,REGULAR,2,0,2,0,721,RB Leipzig,18,Borussia Mönchengladbach
115,235794,2018-12-02 17:00:00,13.0,155,34,AWAY_TEAM,REGULAR,1,2,0,1,19,Eintracht Frankfurt,11,VfL Wolfsburg
116,235797,2018-12-03 19:30:00,13.0,155,34,DRAW,REGULAR,1,1,0,1,14,1. FC Nürnberg,3,Bayer 04 Leverkusen
117,235804,2018-12-07 19:30:00,14.0,155,34,HOME_TEAM,REGULAR,3,1,1,1,12,SV Werder Bremen,24,TSV Fortuna 95 Düsseldorf
118,235803,2018-12-08 14:30:00,14.0,155,34,AWAY_TEAM,REGULAR,1,2,0,1,6,FC Schalke 04,4,BV Borussia 09 Dortmund
119,235807,2018-12-08 14:30:00,14.0,155,34,HOME_TEAM,REGULAR,3,0,2,0,5,FC Bayern München,14,1. FC Nürnberg
120,235808,2018-12-08 14:30:00,14.0,155,34,HOME_TEAM,REGULAR,1,0,0,0,3,Bayer 04 Leverkusen,16,FC Augsburg
121,235809,2018-12-08 14:30:00,14.0,155,34,HOME_TEAM,REGULAR,3,0,2,0,17,SC Freiburg,721,RB Leipzig
122,235810,2018-12-08 14:30:00,14.0,155,34,DRAW,REGULAR,2,2,2,1,11,VfL Wolfsburg,2,TSG 1899 Hoffenheim
123,235805,2018-12-08 17:30:00,14.0,155,34,HOME_TEAM,REGULAR,1,0,1,0,9,Hertha BSC,19,Eintracht Frankfurt
124,235811,2018-12-09 14:30:00,14.0,155,34,DRAW,REGULAR,1,1,0,1,15,1. FSV Mainz 05,8,Hannover 96
125,235806,2018-12-09 17:00:00,14.0,155,34,HOME_TEAM,REGULAR,3,0,0,0,18,Borussia Mönchengladbach,10,VfB Stuttgart
126,235815,2018-12-14 19:30:00,15.0,155,34,AWAY_TEAM,REGULAR,0,2,0,0,14,1. FC Nürnberg,11,VfL Wolfsburg
127,235814,2018-12-15 14:30:00,15.0,155,34,HOME_TEAM,REGULAR,2,1,0,1,10,VfB Stuttgart,9,Hertha BSC
128,235816,2018-12-15 14:30:00,15.0,155,34,AWAY_TEAM,REGULAR,0,4,0,2,8,Hannover 96,5,FC Bayern München
129,235817,2018-12-15 14:30:00,15.0,155,34,HOME_TEAM,REGULAR,2,0,0,0,24,TSV Fortuna 95 Düsseldorf,17,SC Freiburg
130,235818,2018-12-15 14:30:00,15.0,155,34,DRAW,REGULAR,0,0,0,0,2,TSG 1899 Hoffenheim,18,Borussia Mönchengladbach
131,235819,2018-12-15 14:30:00,15.0,155,34,DRAW,REGULAR,1,1,1,0,16,FC Augsburg,6,FC Schalke 04
132,235813,2018-12-15 17:30:00,15.0,155,34,HOME_TEAM,REGULAR,2,1,2,1,4,BV Borussia 09 Dortmund,12,SV Werder Bremen
133,235820,2018-12-16 14:30:00,15.0,155,34,HOME_TEAM,REGULAR,4,1,2,1,721,RB Leipzig,15,1. FSV Mainz 05
134,235812,2018-12-16 17:00:00,15.0,155,34,HOME_TEAM,REGULAR,2,1,1,0,19,Eintracht Frankfurt,3,Bayer 04 Leverkusen
135,235824,2018-12-18 17:30:00,16.0,155,34,HOME_TEAM,REGULAR,2,0,0,0,18,Borussia Mönchengladbach,14,1. FC Nürnberg
136,235823,2018-12-18 19:30:00,16.0,155,34,DRAW,REGULAR,2,2,2,2,9,Hertha BSC,16,FC Augsburg
137,235826,2018-12-18 19:30:00,16.0,155,34,HOME_TEAM,REGULAR,2,1,1,0,24,TSV Fortuna 95 Düsseldorf,4,BV Borussia 09 Dortmund
138,235828,2018-12-18 19:30:00,16.0,155,34,HOME_TEAM,REGULAR,2,0,2,0,11,VfL Wolfsburg,10,VfB Stuttgart
139,235821,2018-12-19 17:30:00,16.0,155,34,AWAY_TEAM,REGULAR,1,2,1,2,6,FC Schalke 04,3,Bayer 04 Leverkusen
140,235822,2018-12-19 19:30:00,16.0,155,34,DRAW,REGULAR,1,1,0,1,12,SV Werder Bremen,2,TSG 1899 Hoffenheim
141,235825,2018-12-19 19:30:00,16.0,155,34,HOME_TEAM,REGULAR,1,0,0,0,5,FC Bayern München,721,RB Leipzig
142,235827,2018-12-19 19:30:00,16.0,155,34,DRAW,REGULAR,1,1,1,1,17,SC Freiburg,8,Hannover 96
143,235829,2018-12-19 19:30:00,16.0,155,34,DRAW,REGULAR,2,2,2,2,15,1. FSV Mainz 05,19,Eintracht Frankfurt
144,235831,2018-12-21 19:30:00,17.0,155,34,HOME_TEAM,REGULAR,2,1,1,1,4,BV Borussia 09 Dortmund,18,Borussia Mönchengladbach
145,235832,2018-12-22 14:30:00,17.0,155,34,AWAY_TEAM,REGULAR,1,3,0,1,10,VfB Stuttgart,6,FC Schalke 04
146,235833,2018-12-22 14:30:00,17.0,155,34,AWAY_TEAM,REGULAR,0,1,0,1,14,1. FC Nürnberg,17,SC Freiburg
147,235834,2018-12-22 14:30:00,17.0,155,34,AWAY_TEAM,REGULAR,0,1,0,0,8,Hannover 96,24,TSV Fortuna 95 Düsseldorf
148,235835,2018-12-22 14:30:00,17.0,155,34,HOME_TEAM,REGULAR,3,1,2,1,3,Bayer 04 Leverkusen,9,Hertha BSC
149,235838,2018-12-22 14:30:00,17.0,155,34,HOME_TEAM,REGULAR,3,2,2,0,721,RB Leipzig,12,SV Werder Bremen
150,235830,2018-12-22 17:30:00,17.0,155,34,AWAY_TEAM,REGULAR,0,3,0,1,19,Eintracht Frankfurt,5,FC Bayern München
151,235837,2018-12-23 14:30:00,17.0,155,34,AWAY_TEAM,REGULAR,2,3,0,2,16,FC Augsburg,11,VfL Wolfsburg
152,235836,2018-12-23 17:00:00,17.0,155,34,DRAW,REGULAR,1,1,1,1,2,TSG 1899 Hoffenheim,15,1. FSV Mainz 05
153,235845,2019-01-18 19:30:00,18.0,155,34,AWAY_TEAM,REGULAR,1,3,0,2,2,TSG 1899 Hoffenheim,5,FC Bayern München
154,235839,2019-01-19 14:30:00,18.0,155,34,HOME_TEAM,REGULAR,3,1,3,0,19,Eintracht Frankfurt,17,SC Freiburg
155,235840,2019-01-19 14:30:00,18.0,155,34,AWAY_TEAM,REGULAR,2,3,0,2,10,VfB Stuttgart,15,1. FSV Mainz 05
156,235843,2019-01-19 14:30:00,18.0,155,34,AWAY_TEAM,REGULAR,0,1,0,1,8,Hannover 96,12,SV Werder Bremen
157,235844,2019-01-19 14:30:00,18.0,155,34,AWAY_TEAM,REGULAR,0,1,0,1,3,Bayer 04 Leverkusen,18,Borussia Mönchengladbach
158,235846,2019-01-19 14:30:00,18.0,155,34,AWAY_TEAM,REGULAR,1,2,0,1,16,FC Augsburg,24,TSV Fortuna 95 Düsseldorf
159,235847,2019-01-19 17:30:00,18.0,155,34,AWAY_TEAM,REGULAR,0,1,0,1,721,RB Leipzig,4,BV Borussia 09 Dortmund
160,235842,2019-01-20 14:30:00,18.0,155,34,AWAY_TEAM,REGULAR,1,3,1,1,14,1. FC Nürnberg,9,Hertha BSC
161,235841,2019-01-20 17:00:00,18.0,155,34,HOME_TEAM,REGULAR,2,1,1,1,6,FC Schalke 04,11,VfL Wolfsburg
162,235850,2019-01-25 19:30:00,19.0,155,34,DRAW,REGULAR,2,2,2,2,9,Hertha BSC,6,FC Schalke 04
163,235848,2019-01-26 14:30:00,19.0,155,34,HOME_TEAM,REGULAR,5,1,1,0,4,BV Borussia 09 Dortmund,8,Hannover 96
164,235851,2019-01-26 14:30:00,19.0,155,34,HOME_TEAM,REGULAR,2,0,0,0,18,Borussia Mönchengladbach,16,FC Augsburg
165,235854,2019-01-26 14:30:00,19.0,155,34,AWAY_TEAM,REGULAR,2,4,1,1,17,SC Freiburg,2,TSG 1899 Hoffenheim
166,235855,2019-01-26 14:30:00,19.0,155,34,AWAY_TEAM,REGULAR,0,3,0,1,11,VfL Wolfsburg,3,Bayer 04 Leverkusen
167,235856,2019-01-26 14:30:00,19.0,155,34,HOME_TEAM,REGULAR,2,1,1,1,15,1. FSV Mainz 05,14,1. FC Nürnberg
168,235849,2019-01-26 17:30:00,19.0,155,34,DRAW,REGULAR,2,2,1,1,12,SV Werder Bremen,19,Eintracht Frankfurt
169,235852,2019-01-27 14:30:00,19.0,155,34,HOME_TEAM,REGULAR,4,1,1,1,5,FC Bayern München,10,VfB Stuttgart
170,235853,2019-01-27 17:00:00,19.0,155,34,AWAY_TEAM,REGULAR,0,4,0,3,24,TSV Fortuna 95 Düsseldorf,721,RB Leipzig
171,235862,2019-02-01 19:30:00,20.0,155,34,AWAY_TEAM,REGULAR,0,3,0,1,8,Hannover 96,721,RB Leipzig
172,235857,2019-02-02 14:30:00,20.0,155,34,DRAW,REGULAR,1,1,1,1,19,Eintracht Frankfurt,4,BV Borussia 09 Dortmund
173,235860,2019-02-02 14:30:00,20.0,155,34,DRAW,REGULAR,1,1,0,0,14,1. FC Nürnberg,12,SV Werder Bremen
174,235861,2019-02-02 14:30:00,20.0,155,34,AWAY_TEAM,REGULAR,0,1,0,0,9,Hertha BSC,11,VfL Wolfsburg
175,235863,2019-02-02 14:30:00,20.0,155,34,HOME_TEAM,REGULAR,3,1,0,1,3,Bayer 04 Leverkusen,5,FC Bayern München
176,235864,2019-02-02 14:30:00,20.0,155,34,DRAW,REGULAR,1,1,1,0,2,TSG 1899 Hoffenheim,24,TSV Fortuna 95 Düsseldorf
177,235859,2019-02-02 17:30:00,20.0,155,34,AWAY_TEAM,REGULAR,0,2,0,0,6,FC Schalke 04,18,Borussia Mönchengladbach
178,235865,2019-02-03 14:30:00,20.0,155,34,HOME_TEAM,REGULAR,3,0,2,0,16,FC Augsburg,15,1. FSV Mainz 05
179,235858,2019-02-03 17:00:00,20.0,155,34,DRAW,REGULAR,2,2,0,1,10,VfB Stuttgart,17,SC Freiburg
180,235873,2019-02-08 19:30:00,21.0,155,34,AWAY_TEAM,REGULAR,1,5,1,4,15,1. FSV Mainz 05,3,Bayer 04 Leverkusen
181,235866,2019-02-09 14:30:00,21.0,155,34,DRAW,REGULAR,3,3,2,0,4,BV Borussia 09 Dortmund,2,TSG 1899 Hoffenheim
182,235868,2019-02-09 14:30:00,21.0,155,34,HOME_TEAM,REGULAR,2,0,1,0,8,Hannover 96,14,1. FC Nürnberg
183,235869,2019-02-09 14:30:00,21.0,155,34,AWAY_TEAM,REGULAR,0,3,0,1,18,Borussia Mönchengladbach,9,Hertha BSC
184,235872,2019-02-09 14:30:00,21.0,155,34,DRAW,REGULAR,3,3,1,1,17,SC Freiburg,11,VfL Wolfsburg
185,235874,2019-02-09 14:30:00,21.0,155,34,DRAW,REGULAR,0,0,0,0,721,RB Leipzig,19,Eintracht Frankfurt
186,235870,2019-02-09 17:30:00,21.0,155,34,HOME_TEAM,REGULAR,3,1,2,1,5,FC Bayern München,6,FC Schalke 04
187,235867,2019-02-10 14:30:00,21.0,155,34,HOME_TEAM,REGULAR,4,0,3,0,12,SV Werder Bremen,16,FC Augsburg
188,235871,2019-02-10 17:00:00,21.0,155,34,HOME_TEAM,REGULAR,3,0,1,0,24,TSV Fortuna 95 Düsseldorf,10,VfB Stuttgart
189,235883,2019-02-15 19:30:00,22.0,155,34,AWAY_TEAM,REGULAR,2,3,2,2,16,FC Augsburg,5,FC Bayern München
190,235876,2019-02-16 14:30:00,22.0,155,34,AWAY_TEAM,REGULAR,1,3,1,1,10,VfB Stuttgart,721,RB Leipzig
191,235877,2019-02-16 14:30:00,22.0,155,34,DRAW,REGULAR,0,0,0,0,6,FC Schalke 04,17,SC Freiburg
192,235881,2019-02-16 14:30:00,22.0,155,34,HOME_TEAM,REGULAR,3,0,1,0,11,VfL Wolfsburg,15,1. FSV Mainz 05
193,235882,2019-02-16 14:30:00,22.0,155,34,HOME_TEAM,REGULAR,3,0,2,0,2,TSG 1899 Hoffenheim,8,Hannover 96
194,235879,2019-02-16 17:30:00,22.0,155,34,DRAW,REGULAR,1,1,1,0,9,Hertha BSC,12,SV Werder Bremen
195,235875,2019-02-17 14:30:00,22.0,155,34,DRAW,REGULAR,1,1,1,0,19,Eintracht Frankfurt,18,Borussia Mönchengladbach
196,235880,2019-02-17 17:00:00,22.0,155,34,HOME_TEAM,REGULAR,2,0,1,0,3,Bayer 04 Leverkusen,24,TSV Fortuna 95 Düsseldorf
197,235878,2019-02-18 19:30:00,22.0,155,34,DRAW,REGULAR,0,0,0,0,14,1. FC Nürnberg,4,BV Borussia 09 Dortmund
198,235885,2019-02-22 19:30:00,23.0,155,34,DRAW,REGULAR,1,1,1,1,12,SV Werder Bremen,10,VfB Stuttgart
199,235887,2019-02-23 14:30:00,23.0,155,34,AWAY_TEAM,REGULAR,0,3,0,1,18,Borussia Mönchengladbach,11,VfL Wolfsburg
200,235888,2019-02-23 14:30:00,23.0,155,34,HOME_TEAM,REGULAR,1,0,0,0,5,FC Bayern München,9,Hertha BSC
201,235890,2019-02-23 14:30:00,23.0,155,34,HOME_TEAM,REGULAR,5,1,3,0,17,SC Freiburg,16,FC Augsburg
202,235891,2019-02-23 14:30:00,23.0,155,34,HOME_TEAM,REGULAR,3,0,1,0,15,1. FSV Mainz 05,6,FC Schalke 04
203,235889,2019-02-23 17:30:00,23.0,155,34,HOME_TEAM,REGULAR,2,1,0,1,24,TSV Fortuna 95 Düsseldorf,14,1. FC Nürnberg
204,235886,2019-02-24 14:30:00,23.0,155,34,AWAY_TEAM,REGULAR,0,3,0,0,8,Hannover 96,19,Eintracht Frankfurt
205,235884,2019-02-24 17:00:00,23.0,155,34,HOME_TEAM,REGULAR,3,2,2,1,4,BV Borussia 09 Dortmund,3,Bayer 04 Leverkusen
206,235892,2019-02-25 19:30:00,23.0,155,34,DRAW,REGULAR,1,1,0,1,721,RB Leipzig,2,TSG 1899 Hoffenheim
207,235901,2019-03-01 19:30:00,24.0,155,34,HOME_TEAM,REGULAR,2,1,1,0,16,FC Augsburg,4,BV Borussia 09 Dortmund
208,235893,2019-03-02 14:30:00,24.0,155,34,HOME_TEAM,REGULAR,3,2,1,1,19,Eintracht Frankfurt,2,TSG 1899 Hoffenheim
209,235895,2019-03-02 14:30:00,24.0,155,34,AWAY_TEAM,REGULAR,0,4,0,1,6,FC Schalke 04,24,TSV Fortuna 95 Düsseldorf
210,235896,2019-03-02 14:30:00,24.0,155,34,AWAY_TEAM,REGULAR,0,1,0,1,14,1. FC Nürnberg,721,RB Leipzig
211,235897,2019-03-02 14:30:00,24.0,155,34,HOME_TEAM,REGULAR,2,1,0,0,9,Hertha BSC,15,1. FSV Mainz 05
212,235899,2019-03-02 14:30:00,24.0,155,34,HOME_TEAM,REGULAR,2,0,1,0,3,Bayer 04 Leverkusen,17,SC Freiburg
213,235898,2019-03-02 17:30:00,24.0,155,34,AWAY_TEAM,REGULAR,1,5,1,2,18,Borussia Mönchengladbach,5,FC Bayern München
214,235894,2019-03-03 14:30:00,24.0,155,34,HOME_TEAM,REGULAR,5,1,3,0,10,VfB Stuttgart,8,Hannover 96
215,235900,2019-03-03 17:00:00,24.0,155,34,DRAW,REGULAR,1,1,0,0,11,VfL Wolfsburg,12,SV Werder Bremen
216,235903,2019-03-08 19:30:00,25.0,155,34,HOME_TEAM,REGULAR,4,2,1,1,12,SV Werder Bremen,6,FC Schalke 04
217,235902,2019-03-09 14:30:00,25.0,155,34,HOME_TEAM,REGULAR,3,1,0,0,4,BV Borussia 09 Dortmund,10,VfB Stuttgart
218,235905,2019-03-09 14:30:00,25.0,155,34,HOME_TEAM,REGULAR,6,0,2,0,5,FC Bayern München,11,VfL Wolfsburg
219,235907,2019-03-09 14:30:00,25.0,155,34,HOME_TEAM,REGULAR,2,1,1,0,17,SC Freiburg,9,Hertha BSC
220,235910,2019-03-09 14:30:00,25.0,155,34,DRAW,REGULAR,0,0,0,0,721,RB Leipzig,16,FC Augsburg
221,235908,2019-03-09 17:30:00,25.0,155,34,AWAY_TEAM,REGULAR,0,1,0,0,15,1. FSV Mainz 05,18,Borussia Mönchengladbach
222,235909,2019-03-10 14:30:00,25.0,155,34,HOME_TEAM,REGULAR,2,1,1,0,2,TSG 1899 Hoffenheim,14,1. FC Nürnberg
223,235904,2019-03-10 17:00:00,25.0,155,34,AWAY_TEAM,REGULAR,2,3,0,2,8,Hannover 96,3,Bayer 04 Leverkusen
224,235906,2019-03-11 19:30:00,25.0,155,34,AWAY_TEAM,REGULAR,0,3,0,0,24,TSV Fortuna 95 Düsseldorf,19,Eintracht Frankfurt
225,235915,2019-03-15 19:30:00,26.0,155,34,DRAW,REGULAR,1,1,1,1,18,Borussia Mönchengladbach,17,SC Freiburg
226,235912,2019-03-16 14:30:00,26.0,155,34,DRAW,REGULAR,1,1,0,1,10,VfB Stuttgart,2,TSG 1899 Hoffenheim
227,235913,2019-03-16 14:30:00,26.0,155,34,AWAY_TEAM,REGULAR,0,1,0,1,6,FC Schalke 04,721,RB Leipzig
228,235918,2019-03-16 14:30:00,26.0,155,34,HOME_TEAM,REGULAR,5,2,1,1,11,VfL Wolfsburg,24,TSV Fortuna 95 Düsseldorf
229,235919,2019-03-16 14:30:00,26.0,155,34,HOME_TEAM,REGULAR,3,1,0,1,16,FC Augsburg,8,Hannover 96
230,235914,2019-03-16 17:30:00,26.0,155,34,AWAY_TEAM,REGULAR,2,3,2,1,9,Hertha BSC,4,BV Borussia 09 Dortmund
231,235917,2019-03-17 12:30:00,26.0,155,34,AWAY_TEAM,REGULAR,1,3,0,2,3,Bayer 04 Leverkusen,12,SV Werder Bremen
232,235911,2019-03-17 14:30:00,26.0,155,34,HOME_TEAM,REGULAR,1,0,1,0,19,Eintracht Frankfurt,14,1. FC Nürnberg
233,235916,2019-03-17 17:00:00,26.0,155,34,HOME_TEAM,REGULAR,6,0,3,0,5,FC Bayern München,15,1. FSV Mainz 05
234,235927,2019-03-29 19:30:00,27.0,155,34,HOME_TEAM,REGULAR,4,1,1,1,2,TSG 1899 Hoffenheim,3,Bayer 04 Leverkusen
235,235921,2019-03-30 14:30:00,27.0,155,34,HOME_TEAM,REGULAR,2,0,0,0,4,BV Borussia 09 Dortmund,11,VfL Wolfsburg
236,235922,2019-03-30 14:30:00,27.0,155,34,HOME_TEAM,REGULAR,3,0,0,0,14,1. FC Nürnberg,16,FC Augsburg
237,235923,2019-03-30 14:30:00,27.0,155,34,HOME_TEAM,REGULAR,3,1,2,0,12,SV Werder Bremen,15,1. FSV Mainz 05
238,235925,2019-03-30 14:30:00,27.0,155,34,HOME_TEAM,REGULAR,3,1,3,0,24,TSV Fortuna 95 Düsseldorf,18,Borussia Mönchengladbach
239,235926,2019-03-30 14:30:00,27.0,155,34,DRAW,REGULAR,1,1,1,1,17,SC Freiburg,5,FC Bayern München
240,235928,2019-03-30 17:30:00,27.0,155,34,HOME_TEAM,REGULAR,5,0,2,0,721,RB Leipzig,9,Hertha BSC
241,235924,2019-03-31 13:30:00,27.0,155,34,AWAY_TEAM,REGULAR,0,1,0,1,8,Hannover 96,6,FC Schalke 04
242,235920,2019-03-31 16:00:00,27.0,155,34,HOME_TEAM,REGULAR,3,0,1,0,19,Eintracht Frankfurt,10,VfB Stuttgart
243,235936,2019-04-05 18:30:00,28.0,155,34,HOME_TEAM,REGULAR,5,0,3,0,15,1. FSV Mainz 05,17,SC Freiburg
244,235929,2019-04-06 13:30:00,28.0,155,34,DRAW,REGULAR,1,1,0,1,10,VfB Stuttgart,14,1. FC Nürnberg
245,235930,2019-04-06 13:30:00,28.0,155,34,AWAY_TEAM,REGULAR,1,2,1,1,6,FC Schalke 04,19,Eintracht Frankfurt
246,235931,2019-04-06 13:30:00,28.0,155,34,AWAY_TEAM,REGULAR,1,2,1,1,9,Hertha BSC,24,TSV Fortuna 95 Düsseldorf
247,235934,2019-04-06 13:30:00,28.0,155,34,AWAY_TEAM,REGULAR,2,4,2,1,3,Bayer 04 Leverkusen,721,RB Leipzig
248,235935,2019-04-06 13:30:00,28.0,155,34,HOME_TEAM,REGULAR,3,1,1,1,11,VfL Wolfsburg,8,Hannover 96
249,235933,2019-04-06 16:30:00,28.0,155,34,HOME_TEAM,REGULAR,5,0,4,0,5,FC Bayern München,4,BV Borussia 09 Dortmund
250,235937,2019-04-07 13:30:00,28.0,155,34,AWAY_TEAM,REGULAR,0,4,0,1,16,FC Augsburg,2,TSG 1899 Hoffenheim
251,235932,2019-04-07 16:00:00,28.0,155,34,DRAW,REGULAR,1,1,0,0,18,Borussia Mönchengladbach,12,SV Werder Bremen
252,235941,2019-04-12 18:30:00,29.0,155,34,DRAW,REGULAR,1,1,0,0,14,1. FC Nürnberg,6,FC Schalke 04
253,235940,2019-04-13 13:30:00,29.0,155,34,AWAY_TEAM,REGULAR,0,1,0,0,10,VfB Stuttgart,3,Bayer 04 Leverkusen
254,235942,2019-04-13 13:30:00,29.0,155,34,HOME_TEAM,REGULAR,2,1,0,0,12,SV Werder Bremen,17,SC Freiburg
255,235943,2019-04-13 13:30:00,29.0,155,34,AWAY_TEAM,REGULAR,0,1,0,0,8,Hannover 96,18,Borussia Mönchengladbach
256,235946,2019-04-13 13:30:00,29.0,155,34,HOME_TEAM,REGULAR,2,0,2,0,721,RB Leipzig,11,VfL Wolfsburg
257,235939,2019-04-13 16:30:00,29.0,155,34,HOME_TEAM,REGULAR,2,1,2,0,4,BV Borussia 09 Dortmund,15,1. FSV Mainz 05
258,235945,2019-04-14 11:30:00,29.0,155,34,HOME_TEAM,REGULAR,2,0,1,0,2,TSG 1899 Hoffenheim,9,Hertha BSC
259,235944,2019-04-14 13:30:00,29.0,155,34,AWAY_TEAM,REGULAR,1,4,0,2,24,TSV Fortuna 95 Düsseldorf,5,FC Bayern München
260,235938,2019-04-14 16:00:00,29.0,155,34,AWAY_TEAM,REGULAR,1,3,1,2,19,Eintracht Frankfurt,16,FC Augsburg
261,235950,2019-04-20 13:30:00,30.0,155,34,HOME_TEAM,REGULAR,1,0,0,0,5,FC Bayern München,12,SV Werder Bremen
262,235951,2019-04-20 13:30:00,30.0,155,34,HOME_TEAM,REGULAR,2,0,0,0,3,Bayer 04 Leverkusen,14,1. FC Nürnberg
263,235954,2019-04-20 13:30:00,30.0,155,34,HOME_TEAM,REGULAR,3,1,1,1,15,1. FSV Mainz 05,24,TSV Fortuna 95 Düsseldorf
264,235955,2019-04-20 13:30:00,30.0,155,34,HOME_TEAM,REGULAR,6,0,3,0,16,FC Augsburg,10,VfB Stuttgart
265,235949,2019-04-20 16:30:00,30.0,155,34,AWAY_TEAM,REGULAR,1,2,0,1,18,Borussia Mönchengladbach,721,RB Leipzig
266,235947,2019-04-20 18:30:00,30.0,155,34,AWAY_TEAM,REGULAR,2,5,0,2,6,FC Schalke 04,2,TSG 1899 Hoffenheim
267,235952,2019-04-21 13:30:00,30.0,155,34,AWAY_TEAM,REGULAR,0,4,0,1,17,SC Freiburg,4,BV Borussia 09 Dortmund
268,235948,2019-04-21 16:00:00,30.0,155,34,DRAW,REGULAR,0,0,0,0,9,Hertha BSC,8,Hannover 96
269,235953,2019-04-22 18:30:00,30.0,155,34,DRAW,REGULAR,1,1,0,0,11,VfL Wolfsburg,19,Eintracht Frankfurt
270,235963,2019-04-26 18:30:00,31.0,155,34,AWAY_TEAM,REGULAR,1,4,1,2,16,FC Augsburg,3,Bayer 04 Leverkusen
271,235956,2019-04-27 13:30:00,31.0,155,34,DRAW,REGULAR,0,0,0,0,19,Eintracht Frankfurt,9,Hertha BSC
272,235957,2019-04-27 13:30:00,31.0,155,34,AWAY_TEAM,REGULAR,2,4,1,2,4,BV Borussia 09 Dortmund,6,FC Schalke 04
273,235960,2019-04-27 13:30:00,31.0,155,34,HOME_TEAM,REGULAR,1,0,0,0,8,Hannover 96,15,1. FSV Mainz 05
274,235961,2019-04-27 13:30:00,31.0,155,34,HOME_TEAM,REGULAR,4,1,2,1,24,TSV Fortuna 95 Düsseldorf,12,SV Werder Bremen
275,235964,2019-04-27 13:30:00,31.0,155,34,HOME_TEAM,REGULAR,2,1,1,0,721,RB Leipzig,17,SC Freiburg
276,235958,2019-04-27 16:30:00,31.0,155,34,HOME_TEAM,REGULAR,1,0,0,0,10,VfB Stuttgart,18,Borussia Mönchengladbach
277,235962,2019-04-28 13:30:00,31.0,155,34,AWAY_TEAM,REGULAR,1,4,1,1,2,TSG 1899 Hoffenheim,11,VfL Wolfsburg
278,235959,2019-04-28 16:00:00,31.0,155,34,DRAW,REGULAR,1,1,0,0,14,1. FC Nürnberg,5,FC Bayern München
279,235973,2019-05-03 18:30:00,32.0,155,34,DRAW,REGULAR,3,3,1,2,15,1. FSV Mainz 05,721,RB Leipzig
280,235967,2019-05-04 13:30:00,32.0,155,34,HOME_TEAM,REGULAR,3,1,2,0,9,Hertha BSC,10,VfB Stuttgart
281,235968,2019-05-04 13:30:00,32.0,155,34,DRAW,REGULAR,2,2,0,1,18,Borussia Mönchengladbach,2,TSG 1899 Hoffenheim
282,235969,2019-05-04 13:30:00,32.0,155,34,HOME_TEAM,REGULAR,3,1,2,0,5,FC Bayern München,8,Hannover 96
283,235972,2019-05-04 13:30:00,32.0,155,34,HOME_TEAM,REGULAR,2,0,1,0,11,VfL Wolfsburg,14,1. FC Nürnberg
284,235966,2019-05-04 16:30:00,32.0,155,34,DRAW,REGULAR,2,2,0,2,12,SV Werder Bremen,4,BV Borussia 09 Dortmund
285,235965,2019-05-05 11:30:00,32.0,155,34,DRAW,REGULAR,0,0,0,0,6,FC Schalke 04,16,FC Augsburg
286,235971,2019-05-05 13:30:00,32.0,155,34,DRAW,REGULAR,1,1,1,1,17,SC Freiburg,24,TSV Fortuna 95 Düsseldorf
287,235970,2019-05-05 16:00:00,32.0,155,34,HOME_TEAM,REGULAR,6,1,6,1,3,Bayer 04 Leverkusen,19,Eintracht Frankfurt
288,235975,2019-05-11 13:30:00,33.0,155,34,HOME_TEAM,REGULAR,3,2,1,0,4,BV Borussia 09 Dortmund,24,TSV Fortuna 95 Düsseldorf
289,235976,2019-05-11 13:30:00,33.0,155,34,HOME_TEAM,REGULAR,3,0,1,0,10,VfB Stuttgart,11,VfL Wolfsburg
290,235977,2019-05-11 13:30:00,33.0,155,34,AWAY_TEAM,REGULAR,0,4,0,0,14,1. FC Nürnberg,18,Borussia Mönchengladbach
291,235978,2019-05-11 13:30:00,33.0,155,34,HOME_TEAM,REGULAR,3,0,1,0,8,Hannover 96,17,SC Freiburg
292,235979,2019-05-11 13:30:00,33.0,155,34,DRAW,REGULAR,1,1,1,0,3,Bayer 04 Leverkusen,6,FC Schalke 04
293,235980,2019-05-11 13:30:00,33.0,155,34,AWAY_TEAM,REGULAR,0,1,0,1,2,TSG 1899 Hoffenheim,12,SV Werder Bremen
294,235981,2019-05-11 13:30:00,33.0,155,34,AWAY_TEAM,REGULAR,3,4,1,0,16,FC Augsburg,9,Hertha BSC
295,235982,2019-05-11 13:30:00,33.0,155,34,DRAW,REGULAR,0,0,0,0,721,RB Leipzig,5,FC Bayern München
296,235974,2019-05-12 16:00:00,33.0,155,34,AWAY_TEAM,REGULAR,0,2,0,0,19,Eintracht Frankfurt,15,1. FSV Mainz 05
297,235983,2019-05-18 13:30:00,34.0,155,34,DRAW,REGULAR,0,0,0,0,6,FC Schalke 04,10,VfB Stuttgart
298,235984,2019-05-18 13:30:00,34.0,155,34,HOME_TEAM,REGULAR,2,1,1,0,12,SV Werder Bremen,721,RB Leipzig
299,235985,2019-05-18 13:30:00,34.0,155,34,AWAY_TEAM,REGULAR,1,5,1,2,9,Hertha BSC,3,Bayer 04 Leverkusen
300,235986,2019-05-18 13:30:00,34.0,155,34,AWAY_TEAM,REGULAR,0,2,0,1,18,Borussia Mönchengladbach,4,BV Borussia 09 Dortmund
301,235987,2019-05-18 13:30:00,34.0,155,34,HOME_TEAM,REGULAR,5,1,1,0,5,FC Bayern München,19,Eintracht Frankfurt
302,235988,2019-05-18 13:30:00,34.0,155,34,HOME_TEAM,REGULAR,2,1,0,0,24,TSV Fortuna 95 Düsseldorf,8,Hannover 96
303,235989,2019-05-18 13:30:00,34.0,155,34,HOME_TEAM,REGULAR,5,1,2,0,17,SC Freiburg,14,1. FC Nürnberg
304,235990,2019-05-18 13:30:00,34.0,155,34,HOME_TEAM,REGULAR,8,1,3,0,11,VfL Wolfsburg,16,FC Augsburg
305,235991,2019-05-18 13:30:00,34.0,155,34,HOME_TEAM,REGULAR,4,2,0,2,15,1. FSV Mainz 05,2,TSG 1899 Hoffenheim
306,271412,2019-08-16 18:30:00,1.0,474,34,DRAW,REGULAR,2,2,1,2,5,FC Bayern München,9,Hertha BSC
307,271414,2019-08-17 13:30:00,1.0,474,34,HOME_TEAM,REGULAR,5,1,1,1,4,BV Borussia 09 Dortmund,16,FC Augsburg
308,271415,2019-08-17 13:30:00,1.0,474,34,AWAY_TEAM,REGULAR,1,3,0,1,12,SV Werder Bremen,24,TSV Fortuna 95 Düsseldorf
309,271417,2019-08-17 13:30:00,1.0,474,34,HOME_TEAM,REGULAR,3,2,2,2,3,Bayer 04 Leverkusen,29,SC Paderborn 07
310,271418,2019-08-17 13:30:00,1.0,474,34,HOME_TEAM,REGULAR,3,0,0,0,17,SC Freiburg,15,1. FSV Mainz 05
311,271419,2019-08-17 13:30:00,1.0,474,34,HOME_TEAM,REGULAR,2,1,1,0,11,VfL Wolfsburg,1,1. FC Köln
312,271416,2019-08-17 16:30:00,1.0,474,34,DRAW,REGULAR,0,0,0,0,18,Borussia Mönchengladbach,6,FC Schalke 04
313,271413,2019-08-18 13:30:00,1.0,474,34,HOME_TEAM,REGULAR,1,0,1,0,19,Eintracht Frankfurt,2,TSG 1899 Hoffenheim
314,271420,2019-08-18 16:00:00,1.0,474,34,AWAY_TEAM,REGULAR,0,4,0,3,28,1. FC Union Berlin,721,RB Leipzig
315,271421,2019-08-23 18:30:00,2.0,474,34,AWAY_TEAM,REGULAR,1,3,1,0,1,1. FC Köln,4,BV Borussia 09 Dortmund
316,271424,2019-08-24 13:30:00,2.0,474,34,AWAY_TEAM,REGULAR,1,3,0,3,24,TSV Fortuna 95 Düsseldorf,3,Bayer 04 Leverkusen
317,271425,2019-08-24 13:30:00,2.0,474,34,AWAY_TEAM,REGULAR,1,3,1,1,15,1. FSV Mainz 05,18,Borussia Mönchengladbach
318,271426,2019-08-24 13:30:00,2.0,474,34,HOME_TEAM,REGULAR,3,2,0,1,2,TSG 1899 Hoffenheim,12,SV Werder Bremen
319,271427,2019-08-24 13:30:00,2.0,474,34,DRAW,REGULAR,1,1,0,0,16,FC Augsburg,28,1. FC Union Berlin
320,271428,2019-08-24 13:30:00,2.0,474,34,AWAY_TEAM,REGULAR,1,3,1,2,29,SC Paderborn 07,17,SC Freiburg
321,271422,2019-08-24 16:30:00,2.0,474,34,AWAY_TEAM,REGULAR,0,3,0,1,6,FC Schalke 04,5,FC Bayern München
322,271429,2019-08-25 13:30:00,2.0,474,34,HOME_TEAM,REGULAR,2,1,1,0,721,RB Leipzig,19,Eintracht Frankfurt
323,271423,2019-08-25 16:00:00,2.0,474,34,AWAY_TEAM,REGULAR,0,3,0,1,9,Hertha BSC,11,VfL Wolfsburg
324,271433,2019-08-30 18:30:00,3.0,474,34,AWAY_TEAM,REGULAR,1,3,0,1,18,Borussia Mönchengladbach,721,RB Leipzig
325,271431,2019-08-31 13:30:00,3.0,474,34,HOME_TEAM,REGULAR,3,0,1,0,6,FC Schalke 04,9,Hertha BSC
326,271434,2019-08-31 13:30:00,3.0,474,34,HOME_TEAM,REGULAR,6,1,2,1,5,FC Bayern München,15,1. FSV Mainz 05
327,271435,2019-08-31 13:30:00,3.0,474,34,DRAW,REGULAR,0,0,0,0,3,Bayer 04 Leverkusen,2,TSG 1899 Hoffenheim
328,271436,2019-08-31 13:30:00,3.0,474,34,AWAY_TEAM,REGULAR,1,2,1,0,17,SC Freiburg,1,1. FC Köln
329,271437,2019-08-31 13:30:00,3.0,474,34,DRAW,REGULAR,1,1,0,1,11,VfL Wolfsburg,29,SC Paderborn 07
330,271438,2019-08-31 16:30:00,3.0,474,34,HOME_TEAM,REGULAR,3,1,1,1,28,1. FC Union Berlin,4,BV Borussia 09 Dortmund
331,271432,2019-09-01 13:30:00,3.0,474,34,HOME_TEAM,REGULAR,3,2,2,1,12,SV Werder Bremen,16,FC Augsburg
332,271430,2019-09-01 16:00:00,3.0,474,34,HOME_TEAM,REGULAR,2,1,0,1,19,Eintracht Frankfurt,24,TSV Fortuna 95 Düsseldorf
333,271441,2019-09-13 18:30:00,4.0,474,34,DRAW,REGULAR,1,1,1,1,24,TSV Fortuna 95 Düsseldorf,11,VfL Wolfsburg
334,271439,2019-09-14 13:30:00,4.0,474,34,AWAY_TEAM,REGULAR,0,1,0,1,1,1. FC Köln,18,Borussia Mönchengladbach
335,271440,2019-09-14 13:30:00,4.0,474,34,HOME_TEAM,REGULAR,4,0,1,0,4,BV Borussia 09 Dortmund,3,Bayer 04 Leverkusen
336,271442,2019-09-14 13:30:00,4.0,474,34,HOME_TEAM,REGULAR,2,1,1,0,15,1. FSV Mainz 05,9,Hertha BSC
337,271444,2019-09-14 13:30:00,4.0,474,34,HOME_TEAM,REGULAR,2,1,2,0,16,FC Augsburg,19,Eintracht Frankfurt
338,271445,2019-09-14 13:30:00,4.0,474,34,AWAY_TEAM,REGULAR,1,2,1,1,28,1. FC Union Berlin,12,SV Werder Bremen
339,271447,2019-09-14 16:30:00,4.0,474,34,DRAW,REGULAR,1,1,1,1,721,RB Leipzig,5,FC Bayern München
340,271443,2019-09-15 13:30:00,4.0,474,34,AWAY_TEAM,REGULAR,0,3,0,2,2,TSG 1899 Hoffenheim,17,SC Freiburg
341,271446,2019-09-15 16:00:00,4.0,474,34,AWAY_TEAM,REGULAR,1,5,1,1,29,SC Paderborn 07,6,FC Schalke 04
342,271449,2019-09-20 18:30:00,5.0,474,34,HOME_TEAM,REGULAR,2,1,1,0,6,FC Schalke 04,15,1. FSV Mainz 05
343,271451,2019-09-21 13:30:00,5.0,474,34,HOME_TEAM,REGULAR,2,1,1,0,9,Hertha BSC,29,SC Paderborn 07
344,271453,2019-09-21 13:30:00,5.0,474,34,HOME_TEAM,REGULAR,4,0,1,0,5,FC Bayern München,1,1. FC Köln
345,271454,2019-09-21 13:30:00,5.0,474,34,HOME_TEAM,REGULAR,2,0,2,0,3,Bayer 04 Leverkusen,28,1. FC Union Berlin
346,271455,2019-09-21 13:30:00,5.0,474,34,DRAW,REGULAR,1,1,1,1,17,SC Freiburg,16,FC Augsburg
347,271450,2019-09-21 16:30:00,5.0,474,34,AWAY_TEAM,REGULAR,0,3,0,2,12,SV Werder Bremen,721,RB Leipzig
348,271452,2019-09-22 13:30:00,5.0,474,34,HOME_TEAM,REGULAR,2,1,0,1,18,Borussia Mönchengladbach,24,TSV Fortuna 95 Düsseldorf
349,271448,2019-09-22 16:00:00,5.0,474,34,DRAW,REGULAR,2,2,1,1,19,Eintracht Frankfurt,4,BV Borussia 09 Dortmund
350,271456,2019-09-23 18:30:00,5.0,474,34,DRAW,REGULAR,1,1,1,1,11,VfL Wolfsburg,2,TSG 1899 Hoffenheim
351,271463,2019-09-27 18:30:00,6.0,474,34,AWAY_TEAM,REGULAR,1,2,0,0,28,1. FC Union Berlin,19,Eintracht Frankfurt
352,271460,2019-09-28 13:30:00,6.0,474,34,AWAY_TEAM,REGULAR,0,1,0,1,15,1. FSV Mainz 05,11,VfL Wolfsburg
353,271461,2019-09-28 13:30:00,6.0,474,34,AWAY_TEAM,REGULAR,0,3,0,1,2,TSG 1899 Hoffenheim,18,Borussia Mönchengladbach
354,271462,2019-09-28 13:30:00,6.0,474,34,AWAY_TEAM,REGULAR,0,3,0,1,16,FC Augsburg,3,Bayer 04 Leverkusen
355,271464,2019-09-28 13:30:00,6.0,474,34,AWAY_TEAM,REGULAR,2,3,0,1,29,SC Paderborn 07,5,FC Bayern München
356,271465,2019-09-28 13:30:00,6.0,474,34,AWAY_TEAM,REGULAR,1,3,0,2,721,RB Leipzig,6,FC Schalke 04
357,271458,2019-09-28 16:30:00,6.0,474,34,DRAW,REGULAR,2,2,2,1,4,BV Borussia 09 Dortmund,12,SV Werder Bremen
358,271459,2019-09-29 13:30:00,6.0,474,34,AWAY_TEAM,REGULAR,1,2,1,1,24,TSV Fortuna 95 Düsseldorf,17,SC Freiburg
359,271457,2019-09-29 16:00:00,6.0,474,34,AWAY_TEAM,REGULAR,0,4,0,1,1,1. FC Köln,9,Hertha BSC
360,271468,2019-10-04 18:30:00,7.0,474,34,HOME_TEAM,REGULAR,3,1,2,1,9,Hertha BSC,24,TSV Fortuna 95 Düsseldorf
361,271470,2019-10-05 13:30:00,7.0,474,34,AWAY_TEAM,REGULAR,1,2,0,0,5,FC Bayern München,2,TSG 1899 Hoffenheim
362,271471,2019-10-05 13:30:00,7.0,474,34,DRAW,REGULAR,1,1,0,0,3,Bayer 04 Leverkusen,721,RB Leipzig
363,271472,2019-10-05 13:30:00,7.0,474,34,DRAW,REGULAR,2,2,0,1,17,SC Freiburg,4,BV Borussia 09 Dortmund
364,271474,2019-10-05 13:30:00,7.0,474,34,AWAY_TEAM,REGULAR,1,2,1,2,29,SC Paderborn 07,15,1. FSV Mainz 05
365,271467,2019-10-05 16:30:00,7.0,474,34,DRAW,REGULAR,1,1,0,0,6,FC Schalke 04,1,1. FC Köln
366,271469,2019-10-06 11:30:00,7.0,474,34,HOME_TEAM,REGULAR,5,1,4,0,18,Borussia Mönchengladbach,16,FC Augsburg
367,271473,2019-10-06 13:30:00,7.0,474,34,HOME_TEAM,REGULAR,1,0,0,0,11,VfL Wolfsburg,28,1. FC Union Berlin
368,271466,2019-10-06 16:00:00,7.0,474,34,DRAW,REGULAR,2,2,0,1,19,Eintracht Frankfurt,12,SV Werder Bremen
369,271476,2019-10-18 18:30:00,8.0,474,34,HOME_TEAM,REGULAR,3,0,2,0,19,Eintracht Frankfurt,3,Bayer 04 Leverkusen
370,271478,2019-10-19 13:30:00,8.0,474,34,DRAW,REGULAR,1,1,1,0,12,SV Werder Bremen,9,Hertha BSC
371,271479,2019-10-19 13:30:00,8.0,474,34,HOME_TEAM,REGULAR,1,0,0,0,24,TSV Fortuna 95 Düsseldorf,15,1. FSV Mainz 05
372,271481,2019-10-19 13:30:00,8.0,474,34,DRAW,REGULAR,2,2,1,1,16,FC Augsburg,5,FC Bayern München
373,271482,2019-10-19 13:30:00,8.0,474,34,HOME_TEAM,REGULAR,2,0,1,0,28,1. FC Union Berlin,17,SC Freiburg
374,271483,2019-10-19 13:30:00,8.0,474,34,DRAW,REGULAR,1,1,0,0,721,RB Leipzig,11,VfL Wolfsburg
375,271477,2019-10-19 16:30:00,8.0,474,34,HOME_TEAM,REGULAR,1,0,0,0,4,BV Borussia 09 Dortmund,18,Borussia Mönchengladbach
376,271475,2019-10-20 13:30:00,8.0,474,34,HOME_TEAM,REGULAR,3,0,1,0,1,1. FC Köln,29,SC Paderborn 07
377,271480,2019-10-20 16:00:00,8.0,474,34,HOME_TEAM,REGULAR,2,0,0,0,2,TSG 1899 Hoffenheim,6,FC Schalke 04
378,271491,2019-10-25 18:30:00,9.0,474,34,HOME_TEAM,REGULAR,3,1,1,1,15,1. FSV Mainz 05,1,1. FC Köln
379,271484,2019-10-26 13:30:00,9.0,474,34,DRAW,REGULAR,0,0,0,0,6,FC Schalke 04,4,BV Borussia 09 Dortmund
380,271485,2019-10-26 13:30:00,9.0,474,34,AWAY_TEAM,REGULAR,2,3,0,2,9,Hertha BSC,2,TSG 1899 Hoffenheim
381,271487,2019-10-26 13:30:00,9.0,474,34,HOME_TEAM,REGULAR,2,1,1,0,5,FC Bayern München,28,1. FC Union Berlin
382,271489,2019-10-26 13:30:00,9.0,474,34,HOME_TEAM,REGULAR,2,1,1,0,17,SC Freiburg,721,RB Leipzig
383,271492,2019-10-26 13:30:00,9.0,474,34,HOME_TEAM,REGULAR,2,0,1,0,29,SC Paderborn 07,24,TSV Fortuna 95 Düsseldorf
384,271488,2019-10-26 16:30:00,9.0,474,34,DRAW,REGULAR,2,2,1,1,3,Bayer 04 Leverkusen,12,SV Werder Bremen
385,271490,2019-10-27 14:30:00,9.0,474,34,DRAW,REGULAR,0,0,0,0,11,VfL Wolfsburg,16,FC Augsburg
386,271486,2019-10-27 17:00:00,9.0,474,34,HOME_TEAM,REGULAR,4,2,2,0,18,Borussia Mönchengladbach,19,Eintracht Frankfurt
387,271498,2019-11-01 19:30:00,10.0,474,34,HOME_TEAM,REGULAR,3,0,3,0,2,TSG 1899 Hoffenheim,29,SC Paderborn 07
388,271493,2019-11-02 14:30:00,10.0,474,34,HOME_TEAM,REGULAR,5,1,2,1,19,Eintracht Frankfurt,5,FC Bayern München
389,271494,2019-11-02 14:30:00,10.0,474,34,HOME_TEAM,REGULAR,3,0,0,0,4,BV Borussia 09 Dortmund,11,VfL Wolfsburg
390,271495,2019-11-02 14:30:00,10.0,474,34,DRAW,REGULAR,2,2,1,1,12,SV Werder Bremen,17,SC Freiburg
391,271497,2019-11-02 14:30:00,10.0,474,34,AWAY_TEAM,REGULAR,1,2,1,2,3,Bayer 04 Leverkusen,18,Borussia Mönchengladbach
392,271501,2019-11-02 14:30:00,10.0,474,34,HOME_TEAM,REGULAR,8,0,5,0,721,RB Leipzig,15,1. FSV Mainz 05
393,271500,2019-11-02 17:30:00,10.0,474,34,HOME_TEAM,REGULAR,1,0,0,0,28,1. FC Union Berlin,9,Hertha BSC
394,271496,2019-11-03 14:30:00,10.0,474,34,HOME_TEAM,REGULAR,2,0,1,0,24,TSV Fortuna 95 Düsseldorf,1,1. FC Köln
395,271499,2019-11-03 17:00:00,10.0,474,34,AWAY_TEAM,REGULAR,2,3,1,1,16,FC Augsburg,6,FC Schalke 04
396,271502,2019-11-08 19:30:00,11.0,474,34,AWAY_TEAM,REGULAR,1,2,1,0,1,1. FC Köln,2,TSG 1899 Hoffenheim
397,271503,2019-11-09 14:30:00,11.0,474,34,DRAW,REGULAR,3,3,1,0,6,FC Schalke 04,24,TSV Fortuna 95 Düsseldorf
398,271504,2019-11-09 14:30:00,11.0,474,34,AWAY_TEAM,REGULAR,2,4,1,2,9,Hertha BSC,721,RB Leipzig
399,271509,2019-11-09 14:30:00,11.0,474,34,AWAY_TEAM,REGULAR,2,3,0,2,15,1. FSV Mainz 05,28,1. FC Union Berlin
400,271510,2019-11-09 14:30:00,11.0,474,34,AWAY_TEAM,REGULAR,0,1,0,1,29,SC Paderborn 07,16,FC Augsburg
401,271506,2019-11-09 17:30:00,11.0,474,34,HOME_TEAM,REGULAR,4,0,1,0,5,FC Bayern München,4,BV Borussia 09 Dortmund
402,271505,2019-11-10 12:30:00,11.0,474,34,HOME_TEAM,REGULAR,3,1,2,0,18,Borussia Mönchengladbach,12,SV Werder Bremen
403,271508,2019-11-10 14:30:00,11.0,474,34,AWAY_TEAM,REGULAR,0,2,0,1,11,VfL Wolfsburg,3,Bayer 04 Leverkusen
404,271507,2019-11-10 17:00:00,11.0,474,34,HOME_TEAM,REGULAR,1,0,0,0,17,SC Freiburg,19,Eintracht Frankfurt
405,271512,2019-11-22 19:30:00,12.0,474,34,DRAW,REGULAR,3,3,0,3,4,BV Borussia 09 Dortmund,29,SC Paderborn 07
406,271511,2019-11-23 14:30:00,12.0,474,34,AWAY_TEAM,REGULAR,0,2,0,1,19,Eintracht Frankfurt,11,VfL Wolfsburg
407,271513,2019-11-23 14:30:00,12.0,474,34,AWAY_TEAM,REGULAR,1,2,0,1,12,SV Werder Bremen,6,FC Schalke 04
408,271514,2019-11-23 14:30:00,12.0,474,34,AWAY_TEAM,REGULAR,0,4,0,3,24,TSV Fortuna 95 Düsseldorf,5,FC Bayern München
409,271515,2019-11-23 14:30:00,12.0,474,34,DRAW,REGULAR,1,1,1,1,3,Bayer 04 Leverkusen,17,SC Freiburg
410,271518,2019-11-23 14:30:00,12.0,474,34,HOME_TEAM,REGULAR,2,0,1,0,28,1. FC Union Berlin,18,Borussia Mönchengladbach
411,271519,2019-11-23 17:30:00,12.0,474,34,HOME_TEAM,REGULAR,4,1,3,1,721,RB Leipzig,1,1. FC Köln
412,271517,2019-11-24 14:30:00,12.0,474,34,HOME_TEAM,REGULAR,4,0,2,0,16,FC Augsburg,9,Hertha BSC
413,271516,2019-11-24 17:00:00,12.0,474,34,AWAY_TEAM,REGULAR,1,5,0,1,2,TSG 1899 Hoffenheim,15,1. FSV Mainz 05
414,271521,2019-11-29 19:30:00,13.0,474,34,HOME_TEAM,REGULAR,2,1,1,1,6,FC Schalke 04,28,1. FC Union Berlin
415,271520,2019-11-30 14:30:00,13.0,474,34,DRAW,REGULAR,1,1,0,1,1,1. FC Köln,16,FC Augsburg
416,271522,2019-11-30 14:30:00,13.0,474,34,AWAY_TEAM,REGULAR,1,2,1,2,9,Hertha BSC,4,BV Borussia 09 Dortmund
417,271527,2019-11-30 14:30:00,13.0,474,34,DRAW,REGULAR,1,1,1,0,2,TSG 1899 Hoffenheim,24,TSV Fortuna 95 Düsseldorf
418,271528,2019-11-30 14:30:00,13.0,474,34,AWAY_TEAM,REGULAR,2,3,0,3,29,SC Paderborn 07,721,RB Leipzig
419,271524,2019-11-30 17:30:00,13.0,474,34,AWAY_TEAM,REGULAR,1,2,1,2,5,FC Bayern München,3,Bayer 04 Leverkusen
420,271523,2019-12-01 14:30:00,13.0,474,34,HOME_TEAM,REGULAR,4,2,1,1,18,Borussia Mönchengladbach,17,SC Freiburg
421,271525,2019-12-01 17:00:00,13.0,474,34,AWAY_TEAM,REGULAR,2,3,1,2,11,VfL Wolfsburg,12,SV Werder Bremen
422,271526,2019-12-02 19:30:00,13.0,474,34,HOME_TEAM,REGULAR,2,1,0,1,15,1. FSV Mainz 05,19,Eintracht Frankfurt
423,271529,2019-12-06 19:30:00,14.0,474,34,DRAW,REGULAR,2,2,0,1,19,Eintracht Frankfurt,9,Hertha BSC
424,271530,2019-12-07 14:30:00,14.0,474,34,HOME_TEAM,REGULAR,5,0,1,0,4,BV Borussia 09 Dortmund,24,TSV Fortuna 95 Düsseldorf
425,271532,2019-12-07 14:30:00,14.0,474,34,HOME_TEAM,REGULAR,2,1,0,0,18,Borussia Mönchengladbach,5,FC Bayern München
426,271534,2019-12-07 14:30:00,14.0,474,34,HOME_TEAM,REGULAR,1,0,0,0,17,SC Freiburg,11,VfL Wolfsburg
427,271535,2019-12-07 14:30:00,14.0,474,34,HOME_TEAM,REGULAR,2,1,1,1,16,FC Augsburg,15,1. FSV Mainz 05
428,271537,2019-12-07 14:30:00,14.0,474,34,HOME_TEAM,REGULAR,3,1,1,0,721,RB Leipzig,2,TSG 1899 Hoffenheim
429,271533,2019-12-07 17:30:00,14.0,474,34,HOME_TEAM,REGULAR,2,1,1,0,3,Bayer 04 Leverkusen,6,FC Schalke 04
430,271536,2019-12-08 14:30:00,14.0,474,34,HOME_TEAM,REGULAR,2,0,1,0,28,1. FC Union Berlin,1,1. FC Köln
431,271531,2019-12-08 17:00:00,14.0,474,34,AWAY_TEAM,REGULAR,0,1,0,0,12,SV Werder Bremen,29,SC Paderborn 07
432,271545,2019-12-13 19:30:00,15.0,474,34,AWAY_TEAM,REGULAR,2,4,1,1,2,TSG 1899 Hoffenheim,16,FC Augsburg
433,271538,2019-12-14 14:30:00,15.0,474,34,HOME_TEAM,REGULAR,2,0,0,0,1,1. FC Köln,3,Bayer 04 Leverkusen
434,271540,2019-12-14 14:30:00,15.0,474,34,HOME_TEAM,REGULAR,1,0,0,0,9,Hertha BSC,17,SC Freiburg
435,271541,2019-12-14 14:30:00,15.0,474,34,HOME_TEAM,REGULAR,6,1,2,1,5,FC Bayern München,12,SV Werder Bremen
436,271544,2019-12-14 14:30:00,15.0,474,34,AWAY_TEAM,REGULAR,0,4,0,1,15,1. FSV Mainz 05,4,BV Borussia 09 Dortmund
437,271546,2019-12-14 14:30:00,15.0,474,34,DRAW,REGULAR,1,1,1,1,29,SC Paderborn 07,28,1. FC Union Berlin
438,271542,2019-12-14 17:30:00,15.0,474,34,AWAY_TEAM,REGULAR,0,3,0,1,24,TSV Fortuna 95 Düsseldorf,721,RB Leipzig
439,271543,2019-12-15 14:30:00,15.0,474,34,HOME_TEAM,REGULAR,2,1,1,1,11,VfL Wolfsburg,18,Borussia Mönchengladbach
440,271539,2019-12-15 17:00:00,15.0,474,34,HOME_TEAM,REGULAR,1,0,0,0,6,FC Schalke 04,19,Eintracht Frankfurt
441,271549,2019-12-17 17:30:00,16.0,474,34,AWAY_TEAM,REGULAR,0,5,0,4,12,SV Werder Bremen,15,1. FSV Mainz 05
442,271548,2019-12-17 19:30:00,16.0,474,34,DRAW,REGULAR,3,3,2,0,4,BV Borussia 09 Dortmund,721,RB Leipzig
443,271554,2019-12-17 19:30:00,16.0,474,34,HOME_TEAM,REGULAR,3,0,1,0,16,FC Augsburg,24,TSV Fortuna 95 Düsseldorf
444,271555,2019-12-17 19:30:00,16.0,474,34,AWAY_TEAM,REGULAR,0,2,0,0,28,1. FC Union Berlin,2,TSG 1899 Hoffenheim
445,271551,2019-12-18 17:30:00,16.0,474,34,AWAY_TEAM,REGULAR,0,1,0,0,3,Bayer 04 Leverkusen,9,Hertha BSC
446,271547,2019-12-18 19:30:00,16.0,474,34,AWAY_TEAM,REGULAR,2,4,2,1,19,Eintracht Frankfurt,1,1. FC Köln
447,271550,2019-12-18 19:30:00,16.0,474,34,HOME_TEAM,REGULAR,2,0,0,0,18,Borussia Mönchengladbach,29,SC Paderborn 07
448,271552,2019-12-18 19:30:00,16.0,474,34,AWAY_TEAM,REGULAR,1,3,0,1,17,SC Freiburg,5,FC Bayern München
449,271553,2019-12-18 19:30:00,16.0,474,34,DRAW,REGULAR,1,1,0,0,11,VfL Wolfsburg,6,FC Schalke 04
450,271562,2019-12-20 19:30:00,17.0,474,34,HOME_TEAM,REGULAR,2,1,0,1,2,TSG 1899 Hoffenheim,4,BV Borussia 09 Dortmund
451,271556,2019-12-21 14:30:00,17.0,474,34,HOME_TEAM,REGULAR,1,0,1,0,1,1. FC Köln,12,SV Werder Bremen
452,271557,2019-12-21 14:30:00,17.0,474,34,DRAW,REGULAR,2,2,1,0,6,FC Schalke 04,17,SC Freiburg
453,271559,2019-12-21 14:30:00,17.0,474,34,HOME_TEAM,REGULAR,2,0,0,0,5,FC Bayern München,11,VfL Wolfsburg
454,271561,2019-12-21 14:30:00,17.0,474,34,AWAY_TEAM,REGULAR,0,1,0,0,15,1. FSV Mainz 05,3,Bayer 04 Leverkusen
455,271564,2019-12-21 14:30:00,17.0,474,34,HOME_TEAM,REGULAR,3,1,0,1,721,RB Leipzig,16,FC Augsburg
456,271558,2019-12-21 17:30:00,17.0,474,34,DRAW,REGULAR,0,0,0,0,9,Hertha BSC,18,Borussia Mönchengladbach
457,271560,2019-12-22 14:30:00,17.0,474,34,HOME_TEAM,REGULAR,2,1,1,0,24,TSV Fortuna 95 Düsseldorf,28,1. FC Union Berlin
458,271563,2019-12-22 17:00:00,17.0,474,34,HOME_TEAM,REGULAR,2,1,2,0,29,SC Paderborn 07,19,Eintracht Frankfurt
459,271566,2020-01-17 19:30:00,18.0,474,34,HOME_TEAM,REGULAR,2,0,0,0,6,FC Schalke 04,18,Borussia Mönchengladbach
460,271565,2020-01-18 14:30:00,18.0,474,34,HOME_TEAM,REGULAR,3,1,2,0,1,1. FC Köln,11,VfL Wolfsburg
461,271568,2020-01-18 14:30:00,18.0,474,34,AWAY_TEAM,REGULAR,0,1,0,0,24,TSV Fortuna 95 Düsseldorf,12,SV Werder Bremen
462,271569,2020-01-18 14:30:00,18.0,474,34,AWAY_TEAM,REGULAR,1,2,0,2,15,1. FSV Mainz 05,17,SC Freiburg
463,271570,2020-01-18 14:30:00,18.0,474,34,AWAY_TEAM,REGULAR,1,2,0,1,2,TSG 1899 Hoffenheim,19,Eintracht Frankfurt
464,271571,2020-01-18 14:30:00,18.0,474,34,AWAY_TEAM,REGULAR,3,5,1,0,16,FC Augsburg,4,BV Borussia 09 Dortmund
465,271573,2020-01-18 17:30:00,18.0,474,34,HOME_TEAM,REGULAR,3,1,0,1,721,RB Leipzig,28,1. FC Union Berlin
466,271567,2020-01-19 14:30:00,18.0,474,34,AWAY_TEAM,REGULAR,0,4,0,0,9,Hertha BSC,5,FC Bayern München
467,271572,2020-01-19 17:00:00,18.0,474,34,AWAY_TEAM,REGULAR,1,4,0,3,29,SC Paderborn 07,3,Bayer 04 Leverkusen
468,271575,2020-01-24 19:30:00,19.0,474,34,HOME_TEAM,REGULAR,5,1,2,0,4,BV Borussia 09 Dortmund,1,1. FC Köln
469,271574,2020-01-25 14:30:00,19.0,474,34,HOME_TEAM,REGULAR,2,0,0,0,19,Eintracht Frankfurt,721,RB Leipzig
470,271577,2020-01-25 14:30:00,19.0,474,34,HOME_TEAM,REGULAR,3,1,1,1,18,Borussia Mönchengladbach,15,1. FSV Mainz 05
471,271580,2020-01-25 14:30:00,19.0,474,34,AWAY_TEAM,REGULAR,0,2,0,0,17,SC Freiburg,29,SC Paderborn 07
472,271581,2020-01-25 14:30:00,19.0,474,34,AWAY_TEAM,REGULAR,1,2,0,0,11,VfL Wolfsburg,9,Hertha BSC
473,271582,2020-01-25 14:30:00,19.0,474,34,HOME_TEAM,REGULAR,2,0,0,0,28,1. FC Union Berlin,16,FC Augsburg
474,271578,2020-01-25 17:30:00,19.0,474,34,HOME_TEAM,REGULAR,5,0,2,0,5,FC Bayern München,6,FC Schalke 04
475,271576,2020-01-26 14:30:00,19.0,474,34,AWAY_TEAM,REGULAR,0,3,0,0,12,SV Werder Bremen,2,TSG 1899 Hoffenheim
476,271579,2020-01-26 17:00:00,19.0,474,34,HOME_TEAM,REGULAR,3,0,1,0,3,Bayer 04 Leverkusen,24,TSV Fortuna 95 Düsseldorf
477,271585,2020-01-31 19:30:00,20.0,474,34,DRAW,REGULAR,0,0,0,0,9,Hertha BSC,6,FC Schalke 04
478,271584,2020-02-01 14:30:00,20.0,474,34,HOME_TEAM,REGULAR,5,0,2,0,4,BV Borussia 09 Dortmund,28,1. FC Union Berlin
479,271586,2020-02-01 14:30:00,20.0,474,34,DRAW,REGULAR,1,1,0,0,24,TSV Fortuna 95 Düsseldorf,19,Eintracht Frankfurt
480,271587,2020-02-01 14:30:00,20.0,474,34,AWAY_TEAM,REGULAR,1,3,1,3,15,1. FSV Mainz 05,5,FC Bayern München
481,271588,2020-02-01 14:30:00,20.0,474,34,HOME_TEAM,REGULAR,2,1,1,1,2,TSG 1899 Hoffenheim,3,Bayer 04 Leverkusen
482,271589,2020-02-01 14:30:00,20.0,474,34,HOME_TEAM,REGULAR,2,1,0,1,16,FC Augsburg,12,SV Werder Bremen
483,271591,2020-02-01 17:30:00,20.0,474,34,DRAW,REGULAR,2,2,0,2,721,RB Leipzig,18,Borussia Mönchengladbach
484,271583,2020-02-02 14:30:00,20.0,474,34,HOME_TEAM,REGULAR,4,0,1,0,1,1. FC Köln,17,SC Freiburg
485,271590,2020-02-02 17:00:00,20.0,474,34,AWAY_TEAM,REGULAR,2,4,1,2,29,SC Paderborn 07,11,VfL Wolfsburg
486,271592,2020-02-07 19:30:00,21.0,474,34,HOME_TEAM,REGULAR,5,0,1,0,19,Eintracht Frankfurt,16,FC Augsburg
487,271593,2020-02-08 14:30:00,21.0,474,34,DRAW,REGULAR,1,1,0,0,6,FC Schalke 04,29,SC Paderborn 07
488,271594,2020-02-08 14:30:00,21.0,474,34,AWAY_TEAM,REGULAR,0,2,0,0,12,SV Werder Bremen,28,1. FC Union Berlin
489,271595,2020-02-08 14:30:00,21.0,474,34,AWAY_TEAM,REGULAR,1,3,0,1,9,Hertha BSC,15,1. FSV Mainz 05
490,271599,2020-02-08 14:30:00,21.0,474,34,HOME_TEAM,REGULAR,1,0,1,0,17,SC Freiburg,2,TSG 1899 Hoffenheim
491,271600,2020-02-08 14:30:00,21.0,474,34,DRAW,REGULAR,1,1,0,1,11,VfL Wolfsburg,24,TSV Fortuna 95 Düsseldorf
492,271598,2020-02-08 17:30:00,21.0,474,34,HOME_TEAM,REGULAR,4,3,2,2,3,Bayer 04 Leverkusen,4,BV Borussia 09 Dortmund
493,271597,2020-02-09 17:00:00,21.0,474,34,DRAW,REGULAR,0,0,0,0,5,FC Bayern München,721,RB Leipzig
494,271602,2020-02-14 19:30:00,22.0,474,34,HOME_TEAM,REGULAR,4,0,1,0,4,BV Borussia 09 Dortmund,19,Eintracht Frankfurt
495,271605,2020-02-15 14:30:00,22.0,474,34,AWAY_TEAM,REGULAR,2,3,1,1,2,TSG 1899 Hoffenheim,11,VfL Wolfsburg
496,271606,2020-02-15 14:30:00,22.0,474,34,DRAW,REGULAR,1,1,1,0,16,FC Augsburg,17,SC Freiburg
497,271607,2020-02-15 14:30:00,22.0,474,34,AWAY_TEAM,REGULAR,2,3,1,1,28,1. FC Union Berlin,3,Bayer 04 Leverkusen
498,271608,2020-02-15 14:30:00,22.0,474,34,AWAY_TEAM,REGULAR,1,2,0,1,29,SC Paderborn 07,9,Hertha BSC
499,271609,2020-02-15 14:30:00,22.0,474,34,HOME_TEAM,REGULAR,3,0,2,0,721,RB Leipzig,12,SV Werder Bremen
500,271603,2020-02-15 17:30:00,22.0,474,34,AWAY_TEAM,REGULAR,1,4,1,1,24,TSV Fortuna 95 Düsseldorf,18,Borussia Mönchengladbach
501,271601,2020-02-16 14:30:00,22.0,474,34,AWAY_TEAM,REGULAR,1,4,0,3,1,1. FC Köln,5,FC Bayern München
502,271604,2020-02-16 17:00:00,22.0,474,34,DRAW,REGULAR,0,0,0,0,15,1. FSV Mainz 05,6,FC Schalke 04
503,271615,2020-02-21 19:30:00,23.0,474,34,HOME_TEAM,REGULAR,3,2,1,1,5,FC Bayern München,29,SC Paderborn 07
504,271617,2020-02-22 14:30:00,23.0,474,34,AWAY_TEAM,REGULAR,0,2,0,1,17,SC Freiburg,24,TSV Fortuna 95 Düsseldorf
505,271612,2020-02-22 14:30:00,23.0,474,34,AWAY_TEAM,REGULAR,0,2,0,0,12,SV Werder Bremen,4,BV Borussia 09 Dortmund
506,271613,2020-02-22 14:30:00,23.0,474,34,AWAY_TEAM,REGULAR,0,5,0,3,9,Hertha BSC,1,1. FC Köln
507,271614,2020-02-22 14:30:00,23.0,474,34,DRAW,REGULAR,1,1,1,0,18,Borussia Mönchengladbach,2,TSG 1899 Hoffenheim
508,271611,2020-02-22 17:30:00,23.0,474,34,AWAY_TEAM,REGULAR,0,5,0,1,6,FC Schalke 04,721,RB Leipzig
509,271616,2020-02-23 14:30:00,23.0,474,34,HOME_TEAM,REGULAR,2,0,1,0,3,Bayer 04 Leverkusen,16,FC Augsburg
510,271618,2020-02-23 17:00:00,23.0,474,34,HOME_TEAM,REGULAR,4,0,2,0,11,VfL Wolfsburg,15,1. FSV Mainz 05
511,271610,2020-02-24 19:30:00,23.0,474,34,AWAY_TEAM,REGULAR,1,2,0,0,19,Eintracht Frankfurt,28,1. FC Union Berlin
512,271622,2020-02-28 19:30:00,24.0,474,34,DRAW,REGULAR,3,3,3,0,24,TSV Fortuna 95 Düsseldorf,9,Hertha BSC
513,271620,2020-02-29 14:30:00,24.0,474,34,HOME_TEAM,REGULAR,1,0,1,0,4,BV Borussia 09 Dortmund,17,SC Freiburg
514,271623,2020-02-29 14:30:00,24.0,474,34,HOME_TEAM,REGULAR,2,0,2,0,15,1. FSV Mainz 05,29,SC Paderborn 07
515,271624,2020-02-29 14:30:00,24.0,474,34,AWAY_TEAM,REGULAR,0,6,0,4,2,TSG 1899 Hoffenheim,5,FC Bayern München
516,271625,2020-02-29 14:30:00,24.0,474,34,AWAY_TEAM,REGULAR,2,3,0,0,16,FC Augsburg,18,Borussia Mönchengladbach
517,271619,2020-02-29 17:30:00,24.0,474,34,HOME_TEAM,REGULAR,3,0,2,0,1,1. FC Köln,6,FC Schalke 04
518,271626,2020-03-01 12:30:00,24.0,474,34,DRAW,REGULAR,2,2,1,0,28,1. FC Union Berlin,11,VfL Wolfsburg
519,271627,2020-03-01 14:30:00,24.0,474,34,DRAW,REGULAR,1,1,1,1,721,RB Leipzig,3,Bayer 04 Leverkusen
520,271636,2020-03-06 19:00:00,25.0,474,34,AWAY_TEAM,REGULAR,1,2,0,2,29,SC Paderborn 07,1,1. FC Köln
521,271628,2020-03-07 14:30:00,25.0,474,34,DRAW,REGULAR,1,1,1,0,6,FC Schalke 04,2,TSG 1899 Hoffenheim
522,271629,2020-03-07 14:30:00,25.0,474,34,DRAW,REGULAR,2,2,1,2,9,Hertha BSC,12,SV Werder Bremen
523,271632,2020-03-07 14:30:00,25.0,474,34,HOME_TEAM,REGULAR,4,0,2,0,3,Bayer 04 Leverkusen,19,Eintracht Frankfurt
524,271633,2020-03-07 14:30:00,25.0,474,34,HOME_TEAM,REGULAR,3,1,1,0,17,SC Freiburg,28,1. FC Union Berlin
525,271634,2020-03-07 14:30:00,25.0,474,34,DRAW,REGULAR,0,0,0,0,11,VfL Wolfsburg,721,RB Leipzig
526,271630,2020-03-07 17:30:00,25.0,474,34,AWAY_TEAM,REGULAR,1,2,0,1,18,Borussia Mönchengladbach,4,BV Borussia 09 Dortmund
527,271631,2020-03-08 14:30:00,25.0,474,34,HOME_TEAM,REGULAR,2,0,0,0,5,FC Bayern München,16,FC Augsburg
528,271635,2020-03-08 17:00:00,25.0,474,34,DRAW,REGULAR,1,1,0,0,15,1. FSV Mainz 05,24,TSV Fortuna 95 Düsseldorf
529,271596,2020-03-11 17:30:00,21.0,474,34,HOME_TEAM,REGULAR,2,1,1,0,18,Borussia Mönchengladbach,1,1. FC Köln
530,271639,2020-05-16 13:30:00,26.0,474,34,HOME_TEAM,REGULAR,4,0,2,0,4,BV Borussia 09 Dortmund,6,FC Schalke 04
531,271641,2020-05-16 13:30:00,26.0,474,34,DRAW,REGULAR,0,0,0,0,24,TSV Fortuna 95 Düsseldorf,29,SC Paderborn 07
532,271642,2020-05-16 13:30:00,26.0,474,34,AWAY_TEAM,REGULAR,0,3,0,0,2,TSG 1899 Hoffenheim,9,Hertha BSC
533,271643,2020-05-16 13:30:00,26.0,474,34,AWAY_TEAM,REGULAR,1,2,0,1,16,FC Augsburg,11,VfL Wolfsburg
534,271645,2020-05-16 13:30:00,26.0,474,34,DRAW,REGULAR,1,1,0,1,721,RB Leipzig,17,SC Freiburg
535,271638,2020-05-16 16:30:00,26.0,474,34,AWAY_TEAM,REGULAR,1,3,0,2,19,Eintracht Frankfurt,18,Borussia Mönchengladbach
536,271637,2020-05-17 13:30:00,26.0,474,34,DRAW,REGULAR,2,2,1,0,1,1. FC Köln,15,1. FSV Mainz 05
537,271644,2020-05-17 16:00:00,26.0,474,34,AWAY_TEAM,REGULAR,0,2,0,1,28,1. FC Union Berlin,5,FC Bayern München
538,271640,2020-05-18 18:30:00,26.0,474,34,AWAY_TEAM,REGULAR,1,4,1,2,12,SV Werder Bremen,3,Bayer 04 Leverkusen
539,271648,2020-05-22 18:30:00,27.0,474,34,HOME_TEAM,REGULAR,4,0,0,0,9,Hertha BSC,28,1. FC Union Berlin
540,271649,2020-05-23 13:30:00,27.0,474,34,AWAY_TEAM,REGULAR,1,3,0,1,18,Borussia Mönchengladbach,3,Bayer 04 Leverkusen
541,271651,2020-05-23 13:30:00,27.0,474,34,AWAY_TEAM,REGULAR,0,1,0,1,17,SC Freiburg,12,SV Werder Bremen
542,271652,2020-05-23 13:30:00,27.0,474,34,AWAY_TEAM,REGULAR,0,2,0,1,11,VfL Wolfsburg,4,BV Borussia 09 Dortmund
543,271654,2020-05-23 13:30:00,27.0,474,34,DRAW,REGULAR,1,1,1,1,29,SC Paderborn 07,2,TSG 1899 Hoffenheim
544,271650,2020-05-23 16:30:00,27.0,474,34,HOME_TEAM,REGULAR,5,2,2,0,5,FC Bayern München,19,Eintracht Frankfurt
545,271647,2020-05-24 11:30:00,27.0,474,34,AWAY_TEAM,REGULAR,0,3,0,1,6,FC Schalke 04,16,FC Augsburg
546,271653,2020-05-24 13:30:00,27.0,474,34,AWAY_TEAM,REGULAR,0,5,0,3,15,1. FSV Mainz 05,721,RB Leipzig
547,271646,2020-05-24 16:00:00,27.0,474,34,DRAW,REGULAR,2,2,0,1,1,1. FC Köln,24,TSV Fortuna 95 Düsseldorf
548,271656,2020-05-26 16:30:00,28.0,474,34,AWAY_TEAM,REGULAR,0,1,0,1,4,BV Borussia 09 Dortmund,5,FC Bayern München
549,271655,2020-05-26 18:30:00,28.0,474,34,DRAW,REGULAR,3,3,1,1,19,Eintracht Frankfurt,17,SC Freiburg
550,271657,2020-05-26 18:30:00,28.0,474,34,DRAW,REGULAR,0,0,0,0,12,SV Werder Bremen,18,Borussia Mönchengladbach
551,271659,2020-05-26 18:30:00,28.0,474,34,AWAY_TEAM,REGULAR,1,4,0,1,3,Bayer 04 Leverkusen,11,VfL Wolfsburg
552,271663,2020-05-27 16:30:00,28.0,474,34,DRAW,REGULAR,2,2,1,1,721,RB Leipzig,9,Hertha BSC
553,271658,2020-05-27 18:30:00,28.0,474,34,HOME_TEAM,REGULAR,2,1,0,0,24,TSV Fortuna 95 Düsseldorf,6,FC Schalke 04
554,271660,2020-05-27 18:30:00,28.0,474,34,HOME_TEAM,REGULAR,3,1,1,0,2,TSG 1899 Hoffenheim,1,1. FC Köln
555,271661,2020-05-27 18:30:00,28.0,474,34,DRAW,REGULAR,0,0,0,0,16,FC Augsburg,29,SC Paderborn 07
556,271662,2020-05-27 18:30:00,28.0,474,34,DRAW,REGULAR,1,1,1,1,28,1. FC Union Berlin,15,1. FSV Mainz 05
557,271669,2020-05-29 18:30:00,29.0,474,34,AWAY_TEAM,REGULAR,0,1,0,0,17,SC Freiburg,3,Bayer 04 Leverkusen
558,271665,2020-05-30 13:30:00,29.0,474,34,AWAY_TEAM,REGULAR,0,1,0,1,6,FC Schalke 04,12,SV Werder Bremen
559,271666,2020-05-30 13:30:00,29.0,474,34,HOME_TEAM,REGULAR,2,0,1,0,9,Hertha BSC,16,FC Augsburg
560,271670,2020-05-30 13:30:00,29.0,474,34,AWAY_TEAM,REGULAR,1,2,0,1,11,VfL Wolfsburg,19,Eintracht Frankfurt
561,271671,2020-05-30 13:30:00,29.0,474,34,AWAY_TEAM,REGULAR,0,1,0,1,15,1. FSV Mainz 05,2,TSG 1899 Hoffenheim
562,271668,2020-05-30 16:30:00,29.0,474,34,HOME_TEAM,REGULAR,5,0,3,0,5,FC Bayern München,24,TSV Fortuna 95 Düsseldorf
563,271667,2020-05-31 13:30:00,29.0,474,34,HOME_TEAM,REGULAR,4,1,2,0,18,Borussia Mönchengladbach,28,1. FC Union Berlin
564,271672,2020-05-31 16:00:00,29.0,474,34,AWAY_TEAM,REGULAR,1,6,0,0,29,SC Paderborn 07,4,BV Borussia 09 Dortmund
565,271664,2020-06-01 18:30:00,29.0,474,34,AWAY_TEAM,REGULAR,2,4,1,2,1,1. FC Köln,721,RB Leipzig
566,271621,2020-06-03 18:30:00,24.0,474,34,AWAY_TEAM,REGULAR,0,3,0,0,12,SV Werder Bremen,19,Eintracht Frankfurt
567,271678,2020-06-05 18:30:00,30.0,474,34,HOME_TEAM,REGULAR,1,0,0,0,17,SC Freiburg,18,Borussia Mönchengladbach
568,271673,2020-06-06 13:30:00,30.0,474,34,AWAY_TEAM,REGULAR,0,2,0,1,19,Eintracht Frankfurt,15,1. FSV Mainz 05
569,271676,2020-06-06 13:30:00,30.0,474,34,DRAW,REGULAR,2,2,1,1,24,TSV Fortuna 95 Düsseldorf,2,TSG 1899 Hoffenheim
570,271677,2020-06-06 13:30:00,30.0,474,34,AWAY_TEAM,REGULAR,2,4,1,3,3,Bayer 04 Leverkusen,5,FC Bayern München
571,271681,2020-06-06 13:30:00,30.0,474,34,DRAW,REGULAR,1,1,1,0,721,RB Leipzig,29,SC Paderborn 07
572,271674,2020-06-06 16:30:00,30.0,474,34,HOME_TEAM,REGULAR,1,0,0,0,4,BV Borussia 09 Dortmund,9,Hertha BSC
573,271675,2020-06-07 11:30:00,30.0,474,34,AWAY_TEAM,REGULAR,0,1,0,0,12,SV Werder Bremen,11,VfL Wolfsburg
574,271680,2020-06-07 13:30:00,30.0,474,34,DRAW,REGULAR,1,1,1,1,28,1. FC Union Berlin,6,FC Schalke 04
575,271679,2020-06-07 16:00:00,30.0,474,34,DRAW,REGULAR,1,1,0,0,16,FC Augsburg,1,1. FC Köln
576,271689,2020-06-12 18:30:00,31.0,474,34,AWAY_TEAM,REGULAR,0,2,0,2,2,TSG 1899 Hoffenheim,721,RB Leipzig
577,271682,2020-06-13 13:30:00,31.0,474,34,AWAY_TEAM,REGULAR,1,2,0,1,1,1. FC Köln,28,1. FC Union Berlin
578,271684,2020-06-13 13:30:00,31.0,474,34,AWAY_TEAM,REGULAR,1,4,1,0,9,Hertha BSC,19,Eintracht Frankfurt
579,271686,2020-06-13 13:30:00,31.0,474,34,AWAY_TEAM,REGULAR,0,1,0,0,24,TSV Fortuna 95 Düsseldorf,4,BV Borussia 09 Dortmund
580,271687,2020-06-13 13:30:00,31.0,474,34,DRAW,REGULAR,2,2,2,1,11,VfL Wolfsburg,17,SC Freiburg
581,271690,2020-06-13 13:30:00,31.0,474,34,AWAY_TEAM,REGULAR,1,5,0,3,29,SC Paderborn 07,12,SV Werder Bremen
582,271685,2020-06-13 16:30:00,31.0,474,34,HOME_TEAM,REGULAR,2,1,1,1,5,FC Bayern München,18,Borussia Mönchengladbach
583,271688,2020-06-14 13:30:00,31.0,474,34,AWAY_TEAM,REGULAR,0,1,0,1,15,1. FSV Mainz 05,16,FC Augsburg
584,271683,2020-06-14 16:00:00,31.0,474,34,DRAW,REGULAR,1,1,0,0,6,FC Schalke 04,3,Bayer 04 Leverkusen
585,271694,2020-06-16 16:30:00,32.0,474,34,HOME_TEAM,REGULAR,3,0,2,0,18,Borussia Mönchengladbach,11,VfL Wolfsburg
586,271693,2020-06-16 18:30:00,32.0,474,34,AWAY_TEAM,REGULAR,0,1,0,1,12,SV Werder Bremen,5,FC Bayern München
587,271696,2020-06-16 18:30:00,32.0,474,34,HOME_TEAM,REGULAR,2,1,0,0,17,SC Freiburg,9,Hertha BSC
588,271698,2020-06-16 18:30:00,32.0,474,34,HOME_TEAM,REGULAR,1,0,1,0,28,1. FC Union Berlin,29,SC Paderborn 07
589,271691,2020-06-17 16:30:00,32.0,474,34,HOME_TEAM,REGULAR,2,1,1,0,19,Eintracht Frankfurt,6,FC Schalke 04
590,271692,2020-06-17 18:30:00,32.0,474,34,AWAY_TEAM,REGULAR,0,2,0,1,4,BV Borussia 09 Dortmund,15,1. FSV Mainz 05
591,271695,2020-06-17 18:30:00,32.0,474,34,HOME_TEAM,REGULAR,3,1,2,0,3,Bayer 04 Leverkusen,1,1. FC Köln
592,271697,2020-06-17 18:30:00,32.0,474,34,AWAY_TEAM,REGULAR,1,3,0,0,16,FC Augsburg,2,TSG 1899 Hoffenheim
593,271699,2020-06-17 18:30:00,32.0,474,34,DRAW,REGULAR,2,2,0,0,721,RB Leipzig,24,TSV Fortuna 95 Düsseldorf
594,271700,2020-06-20 13:30:00,33.0,474,34,DRAW,REGULAR,1,1,1,0,1,1. FC Köln,19,Eintracht Frankfurt
595,271701,2020-06-20 13:30:00,33.0,474,34,AWAY_TEAM,REGULAR,1,4,0,1,6,FC Schalke 04,11,VfL Wolfsburg
596,271702,2020-06-20 13:30:00,33.0,474,34,HOME_TEAM,REGULAR,2,0,1,0,9,Hertha BSC,3,Bayer 04 Leverkusen
597,271703,2020-06-20 13:30:00,33.0,474,34,HOME_TEAM,REGULAR,3,1,3,1,5,FC Bayern München,17,SC Freiburg
598,271704,2020-06-20 13:30:00,33.0,474,34,DRAW,REGULAR,1,1,1,1,24,TSV Fortuna 95 Düsseldorf,16,FC Augsburg
599,271705,2020-06-20 13:30:00,33.0,474,34,HOME_TEAM,REGULAR,3,1,2,0,15,1. FSV Mainz 05,12,SV Werder Bremen
600,271706,2020-06-20 13:30:00,33.0,474,34,HOME_TEAM,REGULAR,4,0,3,0,2,TSG 1899 Hoffenheim,28,1. FC Union Berlin
601,271707,2020-06-20 13:30:00,33.0,474,34,AWAY_TEAM,REGULAR,1,3,0,1,29,SC Paderborn 07,18,Borussia Mönchengladbach
602,271708,2020-06-20 13:30:00,33.0,474,34,AWAY_TEAM,REGULAR,0,2,0,1,721,RB Leipzig,4,BV Borussia 09 Dortmund
603,271709,2020-06-27 13:30:00,34.0,474,34,HOME_TEAM,REGULAR,3,2,2,0,19,Eintracht Frankfurt,29,SC Paderborn 07
604,271710,2020-06-27 13:30:00,34.0,474,34,AWAY_TEAM,REGULAR,0,4,0,2,4,BV Borussia 09 Dortmund,2,TSG 1899 Hoffenheim
605,271711,2020-06-27 13:30:00,34.0,474,34,HOME_TEAM,REGULAR,6,1,3,0,12,SV Werder Bremen,1,1. FC Köln
606,271712,2020-06-27 13:30:00,34.0,474,34,HOME_TEAM,REGULAR,2,1,1,0,18,Borussia Mönchengladbach,9,Hertha BSC
607,271713,2020-06-27 13:30:00,34.0,474,34,HOME_TEAM,REGULAR,1,0,1,0,3,Bayer 04 Leverkusen,15,1. FSV Mainz 05
608,271714,2020-06-27 13:30:00,34.0,474,34,HOME_TEAM,REGULAR,4,0,2,0,17,SC Freiburg,6,FC Schalke 04
609,271715,2020-06-27 13:30:00,34.0,474,34,AWAY_TEAM,REGULAR,0,4,0,2,11,VfL Wolfsburg,5,FC Bayern München
610,271716,2020-06-27 13:30:00,34.0,474,34,AWAY_TEAM,REGULAR,1,2,0,1,16,FC Augsburg,721,RB Leipzig
611,271717,2020-06-27 13:30:00,34.0,474,34,HOME_TEAM,REGULAR,3,0,1,0,28,1. FC Union Berlin,24,TSV Fortuna 95 Düsseldorf
612,296158,2020-07-02 18:30:00,,474,34,DRAW,REGULAR,0,0,0,0,12,SV Werder Bremen,44,1. FC Heidenheim 1846
613,296159,2020-07-06 18:30:00,,474,34,DRAW,REGULAR,2,2,0,1,44,1. FC Heidenheim 1846,12,SV Werder Bremen
